customer_id,first_order_date,second_order_date,days_to_second_order
12365,2011-02-21 13:51:00,2011-02-21 14:04:00,0
12408,2011-03-24 14:46:00,2011-03-24 14:47:00,0
12410,2011-02-04 10:38:00,2011-02-04 10:39:00,0
12424,2011-06-30 12:06:00,2011-06-30 12:06:00,0
12428,2011-03-01 09:33:00,2011-03-01 09:35:00,0
12432,2011-06-20 13:27:00,2011-06-20 13:29:00,0
12452,2011-11-23 08:05:00,2011-11-23 10:28:00,0
12457,2011-04-14 18:57:00,2011-04-15 13:48:00,0
12471,2010-12-10 09:35:00,2010-12-10 09:48:00,0
12474,2011-01-14 10:06:00,2011-01-14 14:45:00,0
12512,2011-10-04 14:53:00,2011-10-04 14:55:00,0
12552,2011-10-31 12:11:00,2011-11-01 10:02:00,0
12590,2011-05-12 14:46:00,2011-05-12 14:52:00,0
12613,2011-03-22 15:42:00,2011-03-22 15:46:00,0
12637,2011-01-20 10:47:00,2011-01-20 10:48:00,0
12647,2010-12-05 14:02:00,2010-12-05 14:03:00,0
12678,2010-12-21 11:00:00,2010-12-21 14:26:00,0
12683,2010-12-09 10:37:00,2010-12-09 12:17:00,0
12723,2011-10-05 15:52:00,2011-10-05 15:56:00,0
12743,2011-07-28 16:06:00,2011-07-28 16:21:00,0
12748,2010-12-01 12:48:00,2010-12-02 11:46:00,0
12754,2011-02-04 10:31:00,2011-02-04 10:32:00,0
12757,2011-05-12 19:01:00,2011-05-12 19:02:00,0
12836,2011-02-01 11:19:00,2011-02-01 11:20:00,0
12906,2011-09-22 15:03:00,2011-09-22 15:03:00,0
12909,2011-03-31 12:51:00,2011-03-31 13:13:00,0
12931,2010-12-17 09:45:00,2010-12-17 18:07:00,0
12970,2011-01-21 14:04:00,2011-01-21 14:21:00,0
13013,2010-12-03 12:28:00,2010-12-03 12:29:00,0
13015,2011-04-04 14:28:00,2011-04-04 14:42:00,0
13047,2010-12-01 08:34:00,2010-12-01 08:34:00,0
13069,2010-12-05 11:02:00,2010-12-05 11:03:00,0
13081,2010-12-03 17:20:00,2010-12-03 17:21:00,0
13126,2010-12-08 11:42:00,2010-12-08 11:43:00,0
13141,2011-01-28 13:04:00,2011-01-28 14:42:00,0
13212,2011-10-09 14:48:00,2011-10-09 15:17:00,0
13213,2011-05-24 12:22:00,2011-05-24 15:33:00,0
13242,2011-05-10 12:26:00,2011-05-10 12:28:00,0
13317,2010-12-16 09:22:00,2010-12-16 09:23:00,0
13319,2010-12-09 10:04:00,2010-12-09 10:05:00,0
13320,2011-05-10 10:29:00,2011-05-10 10:30:00,0
13327,2010-12-09 15:32:00,2010-12-09 15:33:00,0
13388,2011-07-31 12:52:00,2011-07-31 12:52:00,0
13418,2010-12-02 10:45:00,2010-12-02 10:46:00,0
13448,2010-12-01 10:52:00,2010-12-01 10:53:00,0
13468,2010-12-01 15:08:00,2010-12-01 15:08:00,0
13533,2011-03-17 12:47:00,2011-03-17 12:53:00,0
13534,2010-12-16 15:23:00,2010-12-16 15:24:00,0
13555,2011-05-22 11:06:00,2011-05-22 11:24:00,0
13599,2010-12-08 10:11:00,2010-12-08 10:13:00,0
13666,2011-02-25 13:05:00,2011-02-25 13:08:00,0
13700,2011-01-16 13:18:00,2011-01-16 13:19:00,0
13711,2011-05-05 10:29:00,2011-05-05 10:31:00,0
13777,2010-12-01 16:01:00,2010-12-01 16:11:00,0
13810,2011-10-14 12:57:00,2011-10-14 13:36:00,0
14030,2010-12-08 16:11:00,2010-12-08 16:29:00,0
14034,2011-07-05 13:06:00,2011-07-05 13:15:00,0
14057,2010-12-14 12:11:00,2010-12-14 13:51:00,0
14126,2011-11-29 12:21:00,2011-11-29 12:22:00,0
14154,2011-04-14 15:58:00,2011-04-14 16:26:00,0
14267,2011-03-24 11:38:00,2011-03-24 12:52:00,0
14287,2011-05-25 11:41:00,2011-05-25 11:44:00,0
14298,2010-12-14 12:59:00,2010-12-14 13:00:00,0
14341,2011-01-25 13:55:00,2011-01-25 13:55:00,0
14344,2010-12-06 11:58:00,2010-12-07 10:51:00,0
14409,2010-12-06 15:03:00,2010-12-06 15:06:00,0
14426,2011-01-31 09:51:00,2011-01-31 09:55:00,0
14456,2011-07-20 13:06:00,2011-07-20 13:10:00,0
14507,2011-03-08 17:23:00,2011-03-08 17:25:00,0
14570,2011-03-04 10:39:00,2011-03-04 10:58:00,0
14584,2011-05-25 17:31:00,2011-05-26 16:30:00,0
14593,2011-05-25 11:14:00,2011-05-25 11:21:00,0
14606,2010-12-01 16:57:00,2010-12-01 16:58:00,0
14649,2011-05-11 14:37:00,2011-05-11 14:42:00,0
14653,2011-01-05 13:40:00,2011-01-05 13:41:00,0
14669,2011-01-11 12:30:00,2011-01-11 12:41:00,0
14670,2011-03-04 13:58:00,2011-03-04 14:13:00,0
14697,2011-05-05 15:29:00,2011-05-05 15:39:00,0
14723,2010-12-03 14:18:00,2010-12-03 14:26:00,0
14748,2010-12-06 10:19:00,2010-12-06 10:24:00,0
14813,2010-12-05 11:54:00,2010-12-05 11:57:00,0
14823,2011-05-29 12:48:00,2011-05-29 14:03:00,0
14849,2010-12-01 12:22:00,2010-12-01 12:22:00,0
14911,2010-12-01 14:05:00,2010-12-01 14:05:00,0
14920,2011-05-11 10:31:00,2011-05-11 10:32:00,0
14944,2011-02-16 12:47:00,2011-02-16 12:48:00,0
14961,2010-12-14 11:38:00,2010-12-14 11:39:00,0
14965,2011-09-04 13:15:00,2011-09-04 13:20:00,0
15024,2010-12-07 13:20:00,2010-12-07 17:05:00,0
15032,2010-12-08 12:57:00,2010-12-08 13:30:00,0
15050,2011-09-29 13:22:00,2011-09-29 13:45:00,0
15058,2011-01-31 15:35:00,2011-01-31 15:52:00,0
15060,2011-11-30 14:03:00,2011-11-30 14:17:00,0
15061,2010-12-02 15:19:00,2010-12-02 15:20:00,0
15078,2010-12-06 12:38:00,2010-12-06 12:39:00,0
15098,2011-06-10 15:22:00,2011-06-10 15:28:00,0
15159,2010-12-13 15:44:00,2010-12-13 15:45:00,0
15260,2010-12-02 12:09:00,2010-12-02 12:09:00,0
15270,2011-02-02 13:25:00,2011-02-02 14:38:00,0
15299,2010-12-02 16:48:00,2010-12-02 16:50:00,0
15332,2010-12-05 12:00:00,2010-12-05 12:01:00,0
15358,2010-12-09 10:04:00,2010-12-09 10:04:00,0
15406,2011-02-11 16:19:00,2011-02-11 16:20:00,0
15422,2011-01-20 14:17:00,2011-01-20 16:17:00,0
15424,2011-03-30 13:00:00,2011-03-30 13:02:00,0
15468,2011-10-19 13:38:00,2011-10-19 13:49:00,0
15473,2011-10-10 11:12:00,2011-10-10 14:37:00,0
15482,2010-12-16 10:08:00,2010-12-16 10:10:00,0
15491,2011-04-18 10:04:00,2011-04-18 10:20:00,0
15498,2010-12-08 12:29:00,2010-12-08 14:46:00,0
15502,2010-12-05 15:40:00,2010-12-05 15:40:00,0
15514,2010-12-10 13:50:00,2010-12-10 13:58:00,0
15516,2011-10-24 11:33:00,2011-10-24 11:38:00,0
15518,2011-01-11 12:55:00,2011-01-11 13:06:00,0
15526,2011-11-06 15:01:00,2011-11-06 15:04:00,0
15535,2011-01-16 12:35:00,2011-01-16 12:41:00,0
15572,2011-03-06 14:44:00,2011-03-06 14:50:00,0
15615,2010-12-15 16:21:00,2010-12-15 16:24:00,0
15644,2011-03-23 15:37:00,2011-03-23 16:00:00,0
15695,2011-03-18 08:31:00,2011-03-18 08:32:00,0
15749,2011-01-11 12:55:00,2011-01-11 12:57:00,0
15750,2010-12-08 10:36:00,2010-12-08 12:11:00,0
15814,2011-10-20 09:04:00,2011-10-20 18:08:00,0
15827,2010-12-02 13:06:00,2010-12-02 13:08:00,0
15834,2011-03-07 17:52:00,2011-03-07 17:55:00,0
15861,2011-03-17 20:12:00,2011-03-17 20:18:00,0
15869,2011-03-07 17:19:00,2011-03-07 17:23:00,0
15872,2011-11-25 11:54:00,2011-11-25 11:55:00,0
15882,2010-12-06 13:01:00,2010-12-06 13:12:00,0
15897,2011-05-29 13:32:00,2011-05-29 13:50:00,0
15906,2011-03-29 13:28:00,2011-03-29 13:32:00,0
15916,2010-12-08 13:07:00,2010-12-08 13:14:00,0
15920,2011-07-08 15:16:00,2011-07-08 15:22:00,0
15993,2011-10-26 16:21:00,2011-10-26 16:57:00,0
16000,2011-12-07 12:14:00,2011-12-07 12:15:00,0
16013,2010-12-03 13:09:00,2010-12-03 13:10:00,0
16029,2010-12-01 09:57:00,2010-12-01 09:58:00,0
16041,2011-07-21 16:27:00,2011-07-21 16:28:00,0
16048,2010-12-01 15:27:00,2010-12-01 15:28:00,0
16063,2011-03-24 14:55:00,2011-03-24 14:56:00,0
16120,2011-10-11 14:10:00,2011-10-11 14:17:00,0
16187,2011-02-28 13:34:00,2011-02-28 13:35:00,0
16191,2010-12-14 12:38:00,2010-12-14 13:00:00,0
16225,2011-03-07 12:17:00,2011-03-07 13:54:00,0
16232,2011-05-08 14:05:00,2011-05-08 14:06:00,0
16265,2010-12-10 10:21:00,2010-12-10 10:22:00,0
16266,2011-05-17 14:50:00,2011-05-17 14:54:00,0
16268,2011-09-29 18:30:00,2011-09-29 18:30:00,0
16272,2011-08-15 10:53:00,2011-08-15 10:54:00,0
16330,2011-08-19 17:08:00,2011-08-19 17:10:00,0
16343,2011-11-23 17:43:00,2011-11-23 17:45:00,0
16348,2011-04-13 15:49:00,2011-04-13 15:55:00,0
16362,2011-09-09 14:47:00,2011-09-09 15:00:00,0
16372,2011-11-06 12:50:00,2011-11-06 13:08:00,0
16431,2011-02-15 14:02:00,2011-02-15 14:08:00,0
16455,2010-12-03 16:44:00,2010-12-03 16:45:00,0
16469,2011-04-07 13:11:00,2011-04-07 13:16:00,0
16478,2011-10-05 12:02:00,2011-10-06 10:53:00,0
16479,2011-11-29 13:04:00,2011-11-29 13:40:00,0
16495,2011-03-08 16:38:00,2011-03-08 16:39:00,0
16498,2011-06-30 19:52:00,2011-07-01 15:07:00,0
16553,2010-12-14 13:58:00,2010-12-14 13:59:00,0
16669,2011-09-22 14:13:00,2011-09-22 14:18:00,0
16684,2010-12-16 17:34:00,2010-12-16 17:36:00,0
16685,2011-10-09 13:44:00,2011-10-09 13:58:00,0
16705,2010-12-16 10:51:00,2010-12-16 10:52:00,0
16714,2011-01-26 13:40:00,2011-01-26 13:46:00,0
16734,2011-08-17 15:00:00,2011-08-17 15:02:00,0
16759,2011-11-09 09:06:00,2011-11-09 09:07:00,0
16766,2011-03-11 13:34:00,2011-03-11 15:22:00,0
16792,2011-03-02 14:39:00,2011-03-02 14:41:00,0
16794,2011-06-12 14:15:00,2011-06-13 10:54:00,0
16884,2011-11-02 10:16:00,2011-11-02 11:52:00,0
16904,2010-12-07 13:29:00,2010-12-07 13:30:00,0
16930,2011-10-02 14:25:00,2011-10-02 14:31:00,0
16934,2011-10-16 12:25:00,2011-10-16 12:40:00,0
16952,2011-08-22 12:58:00,2011-08-22 13:03:00,0
16986,2011-11-09 15:52:00,2011-11-10 11:55:00,0
16996,2010-12-21 13:22:00,2010-12-21 15:09:00,0
17007,2010-12-17 13:57:00,2010-12-17 13:58:00,0
17017,2010-12-02 10:17:00,2010-12-02 10:18:00,0
17025,2010-12-01 15:45:00,2010-12-01 15:46:00,0
17047,2011-05-18 16:50:00,2011-05-18 16:51:00,0
17061,2011-04-21 13:29:00,2011-04-21 14:37:00,0
17063,2011-02-23 13:44:00,2011-02-23 13:45:00,0
17078,2011-11-03 18:49:00,2011-11-03 19:17:00,0
17084,2011-11-04 14:49:00,2011-11-04 14:54:00,0
17100,2011-11-21 16:36:00,2011-11-21 16:36:00,0
17109,2011-04-21 15:46:00,2011-04-21 15:51:00,0
17191,2010-12-06 14:36:00,2010-12-06 14:43:00,0
17193,2011-06-16 10:04:00,2011-06-16 10:23:00,0
17238,2010-12-03 15:05:00,2010-12-03 15:10:00,0
17267,2011-08-04 17:19:00,2011-08-04 17:22:00,0
17314,2011-01-31 11:25:00,2011-02-01 10:15:00,0
17345,2011-05-27 12:26:00,2011-05-27 12:29:00,0
17357,2011-11-15 16:29:00,2011-11-15 16:30:00,0
17365,2011-01-11 12:11:00,2011-01-11 12:12:00,0
17381,2010-12-02 12:58:00,2010-12-02 12:59:00,0
17386,2011-06-27 12:11:00,2011-06-27 13:51:00,0
17391,2011-06-28 12:21:00,2011-06-29 09:58:00,0
17397,2011-11-17 13:58:00,2011-11-17 14:08:00,0
17402,2010-12-05 13:53:00,2010-12-05 15:06:00,0
17419,2010-12-07 15:03:00,2010-12-07 15:04:00,0
17440,2011-04-06 12:05:00,2011-04-06 12:08:00,0
17450,2010-12-07 09:23:00,2010-12-07 09:43:00,0
17460,2010-12-01 16:24:00,2010-12-02 15:14:00,0
17501,2011-05-03 09:46:00,2011-05-03 09:47:00,0
17509,2011-10-07 13:14:00,2011-10-07 14:17:00,0
17516,2011-02-27 12:41:00,2011-02-27 12:45:00,0
17523,2011-11-20 13:40:00,2011-11-20 13:47:00,0
17528,2011-09-29 13:04:00,2011-09-29 13:45:00,0
17545,2011-10-27 13:48:00,2011-10-27 13:56:00,0
17552,2010-12-02 18:45:00,2010-12-02 18:46:00,0
17581,2010-12-02 14:47:00,2010-12-02 14:49:00,0
17602,2011-01-19 16:18:00,2011-01-19 16:19:00,0
17608,2011-11-06 13:00:00,2011-11-06 13:06:00,0
17677,2010-12-06 08:42:00,2010-12-06 08:43:00,0
17690,2010-12-01 16:15:00,2010-12-01 16:17:00,0
17696,2010-12-10 09:51:00,2010-12-10 09:52:00,0
17706,2010-12-08 11:02:00,2010-12-08 11:02:00,0
17731,2011-06-09 14:18:00,2011-06-09 14:19:00,0
17759,2011-06-23 13:35:00,2011-06-23 13:41:00,0
17772,2011-11-29 10:57:00,2011-11-29 11:05:00,0
17790,2010-12-10 10:47:00,2010-12-10 10:52:00,0
17817,2011-03-07 17:30:00,2011-03-07 17:42:00,0
17827,2010-12-10 10:18:00,2010-12-10 11:01:00,0
17850,2010-12-01 08:26:00,2010-12-01 08:28:00,0
17852,2011-11-28 12:31:00,2011-11-28 12:36:00,0
17900,2011-06-02 14:28:00,2011-06-02 14:38:00,0
17912,2010-12-10 11:11:00,2010-12-10 15:49:00,0
17950,2010-12-09 15:16:00,2010-12-09 15:20:00,0
17955,2011-05-04 12:29:00,2011-05-04 12:33:00,0
17979,2011-03-25 11:34:00,2011-03-25 12:07:00,0
17991,2011-04-27 16:39:00,2011-04-28 15:58:00,0
18013,2011-07-07 14:08:00,2011-07-07 14:11:00,0
18024,2011-07-10 12:28:00,2011-07-10 12:40:00,0
18034,2011-11-18 12:08:00,2011-11-18 12:22:00,0
18035,2011-10-27 17:48:00,2011-10-27 17:57:00,0
18041,2010-12-02 11:21:00,2010-12-02 11:35:00,0
18048,2011-05-20 14:54:00,2011-05-20 14:58:00,0
18065,2010-12-10 12:44:00,2010-12-10 12:45:00,0
18073,2011-05-26 19:38:00,2011-05-27 14:12:00,0
18102,2010-12-07 16:42:00,2010-12-07 16:43:00,0
18139,2011-11-21 14:06:00,2011-11-21 14:47:00,0
18172,2011-02-23 10:44:00,2011-02-23 12:37:00,0
12455,2011-02-16 09:56:00,2011-02-17 17:05:00,1
12567,2010-12-05 11:57:00,2010-12-07 10:36:00,1
12685,2011-09-07 10:28:00,2011-09-08 10:32:00,1
13089,2010-12-05 10:27:00,2010-12-06 13:59:00,1
13408,2010-12-01 10:39:00,2010-12-03 09:39:00,1
13680,2011-01-04 14:12:00,2011-01-06 12:11:00,1
13704,2011-09-12 14:40:00,2011-09-13 15:41:00,1
13767,2010-12-01 10:47:00,2010-12-02 15:40:00,1
14356,2011-09-19 14:43:00,2011-09-21 09:18:00,1
14624,2011-10-11 14:39:00,2011-10-13 13:44:00,1
14646,2010-12-20 10:09:00,2010-12-21 15:05:00,1
14779,2011-01-20 12:04:00,2011-01-21 12:40:00,1
15073,2011-06-06 09:59:00,2011-06-07 12:00:00,1
15230,2011-04-13 11:04:00,2011-04-14 14:39:00,1
15700,2011-06-19 15:36:00,2011-06-20 16:53:00,1
15898,2010-12-06 11:01:00,2010-12-07 13:30:00,1
16607,2010-12-16 08:41:00,2010-12-17 15:15:00,1
17268,2011-04-08 13:20:00,2011-04-10 10:16:00,1
17389,2011-01-12 15:48:00,2011-01-14 09:54:00,1
17841,2010-12-01 14:41:00,2010-12-03 14:35:00,1
17937,2010-12-12 14:43:00,2010-12-13 14:56:00,1
18055,2010-12-05 10:52:00,2010-12-07 09:13:00,1
12370,2010-12-14 12:58:00,2010-12-17 09:38:00,2
12508,2011-11-10 16:27:00,2011-11-13 15:37:00,2
12841,2010-12-03 10:43:00,2010-12-05 12:15:00,2
13447,2011-11-04 10:10:00,2011-11-06 11:56:00,2
14024,2011-08-07 13:31:00,2011-08-10 11:30:00,2
14836,2011-11-09 13:26:00,2011-11-11 16:05:00,2
14893,2011-11-28 10:49:00,2011-11-30 12:31:00,2
15036,2011-06-13 12:19:00,2011-06-15 13:35:00,2
15529,2010-12-08 12:24:00,2010-12-10 13:44:00,2
15671,2011-03-14 09:37:00,2011-03-16 14:31:00,2
15881,2010-12-10 13:32:00,2010-12-13 10:36:00,2
15935,2011-04-12 09:35:00,2011-04-14 13:27:00,2
16722,2010-12-06 12:59:00,2010-12-08 15:38:00,2
17372,2010-12-12 12:00:00,2010-12-14 13:33:00,2
17404,2010-12-14 13:28:00,2010-12-17 10:54:00,2
17675,2010-12-07 13:22:00,2010-12-10 09:48:00,2
17809,2010-12-01 09:41:00,2010-12-03 12:41:00,2
12393,2011-01-11 09:47:00,2011-01-14 11:36:00,3
12415,2011-01-06 11:12:00,2011-01-10 09:58:00,3
12948,2011-03-20 10:17:00,2011-03-24 10:04:00,3
13725,2011-02-04 12:18:00,2011-02-07 15:14:00,3
13808,2011-09-04 12:07:00,2011-09-07 12:10:00,3
13811,2011-04-14 18:40:00,2011-04-18 10:28:00,3
14096,2011-08-30 10:49:00,2011-09-02 15:45:00,3
14527,2010-12-05 13:17:00,2010-12-09 12:32:00,3
14541,2011-01-24 14:16:00,2011-01-27 15:51:00,3
14667,2010-12-06 13:13:00,2010-12-09 14:19:00,3
14698,2011-10-19 12:54:00,2011-10-23 12:16:00,3
15235,2010-12-01 17:22:00,2010-12-05 15:02:00,3
16011,2010-12-08 16:34:00,2010-12-12 13:01:00,3
17576,2010-12-09 16:57:00,2010-12-13 15:56:00,3
17757,2010-12-02 17:17:00,2010-12-06 13:41:00,3
17884,2010-12-03 12:11:00,2010-12-06 15:13:00,3
17935,2011-07-21 11:23:00,2011-07-24 13:18:00,3
17954,2010-12-03 14:18:00,2010-12-07 12:37:00,3
12971,2010-12-02 16:42:00,2010-12-07 11:11:00,4
13246,2011-01-13 13:36:00,2011-01-17 15:50:00,4
13521,2011-11-29 15:09:00,2011-12-04 14:55:00,4
13651,2011-10-31 12:11:00,2011-11-04 14:59:00,4
13727,2011-11-06 12:16:00,2011-11-11 09:46:00,4
14071,2011-03-20 11:33:00,2011-03-24 13:28:00,4
14785,2011-11-24 13:40:00,2011-11-29 13:21:00,4
14796,2010-12-08 10:40:00,2010-12-13 10:31:00,4
15224,2010-12-12 12:34:00,2010-12-16 15:02:00,4
15311,2010-12-01 09:41:00,2010-12-05 13:55:00,4
15555,2010-12-05 14:45:00,2010-12-09 16:53:00,4
16210,2010-12-01 12:27:00,2010-12-06 11:06:00,4
16499,2010-12-10 10:27:00,2010-12-14 13:31:00,4
16779,2010-12-08 09:56:00,2010-12-12 12:26:00,4
16790,2011-11-02 11:23:00,2011-11-06 14:06:00,4
16818,2011-05-18 11:42:00,2011-05-22 15:44:00,4
16910,2011-09-09 14:14:00,2011-09-14 14:09:00,4
16955,2010-12-01 13:31:00,2010-12-06 10:38:00,4
17062,2010-12-05 11:59:00,2010-12-09 12:37:00,4
17228,2010-12-02 16:00:00,2010-12-07 10:06:00,4
17312,2011-07-03 13:12:00,2011-07-07 20:07:00,4
17468,2011-11-25 12:52:00,2011-11-29 15:33:00,4
17512,2011-02-11 12:22:00,2011-02-16 09:03:00,4
17526,2010-12-09 12:20:00,2010-12-14 11:11:00,4
17965,2010-12-05 15:54:00,2010-12-09 18:09:00,4
18093,2011-02-10 12:15:00,2011-02-15 10:52:00,4
18232,2011-05-26 16:30:00,2011-05-31 08:03:00,4
12712,2010-12-03 14:30:00,2010-12-09 11:39:00,5
13102,2010-12-09 13:38:00,2010-12-14 13:44:00,5
13489,2011-02-18 10:42:00,2011-02-23 13:43:00,5
13884,2011-03-01 13:40:00,2011-03-07 12:46:00,5
14092,2010-12-16 15:47:00,2010-12-22 11:11:00,5
14135,2010-12-02 10:27:00,2010-12-07 12:37:00,5
14808,2011-06-20 12:53:00,2011-06-26 12:51:00,5
14901,2010-12-02 11:20:00,2010-12-08 10:46:00,5
15009,2011-11-14 17:40:00,2011-11-20 11:25:00,5
15521,2011-03-30 09:15:00,2011-04-05 08:25:00,5
16112,2011-01-05 11:47:00,2011-01-10 16:29:00,5
16745,2011-02-01 11:31:00,2011-02-06 14:43:00,5
16782,2010-12-09 11:28:00,2010-12-15 11:26:00,5
16837,2011-04-08 08:48:00,2011-04-13 10:10:00,5
17198,2010-12-03 14:54:00,2010-12-09 13:34:00,5
17218,2010-12-06 15:25:00,2010-12-12 11:37:00,5
17230,2010-12-15 11:22:00,2010-12-20 14:59:00,5
17287,2010-12-02 12:22:00,2010-12-07 12:43:00,5
17350,2011-10-19 16:05:00,2011-10-25 12:06:00,5
17511,2010-12-01 10:19:00,2010-12-07 09:51:00,5
17894,2010-12-08 14:50:00,2010-12-14 10:38:00,5
17920,2010-12-01 11:49:00,2010-12-06 16:58:00,5
17975,2010-12-08 11:38:00,2010-12-14 11:12:00,5
18118,2010-12-05 12:13:00,2010-12-10 12:20:00,5
18121,2011-07-08 12:14:00,2011-07-13 12:53:00,5
18180,2011-07-20 08:59:00,2011-07-26 08:51:00,5
18257,2011-02-16 15:13:00,2011-02-22 11:05:00,5
12494,2010-12-09 11:31:00,2010-12-16 11:24:00,6
12682,2010-12-03 13:59:00,2010-12-09 14:49:00,6
12684,2011-05-10 12:55:00,2011-05-16 14:17:00,6
12784,2011-11-24 12:53:00,2011-11-30 15:38:00,6
12921,2010-12-01 15:06:00,2010-12-08 10:14:00,6
13050,2010-12-08 09:30:00,2010-12-14 09:52:00,6
13134,2011-04-13 12:57:00,2011-04-19 16:37:00,6
13267,2010-12-08 09:20:00,2010-12-14 11:42:00,6
13558,2011-10-02 13:01:00,2011-10-09 11:15:00,6
13685,2011-10-10 12:59:00,2011-10-17 10:17:00,6
14051,2010-12-08 12:49:00,2010-12-14 15:02:00,6
14060,2010-12-02 12:11:00,2010-12-08 12:40:00,6
14233,2011-01-26 12:43:00,2011-02-02 10:41:00,6
14434,2011-09-28 15:31:00,2011-10-05 12:59:00,6
14731,2011-05-11 13:06:00,2011-05-18 11:02:00,6
14733,2010-12-07 11:30:00,2010-12-13 15:46:00,6
14800,2010-12-05 11:10:00,2010-12-12 10:48:00,6
15005,2010-12-08 14:36:00,2010-12-15 13:24:00,6
15044,2010-12-12 14:27:00,2010-12-19 13:31:00,6
15533,2011-09-11 15:41:00,2011-09-18 13:40:00,6
15570,2010-12-05 12:57:00,2010-12-12 11:07:00,6
15674,2011-03-30 09:19:00,2011-04-05 11:44:00,6
15939,2011-01-12 12:43:00,2011-01-18 15:58:00,6
16103,2011-04-20 12:28:00,2011-04-27 09:21:00,6
16173,2011-09-02 15:23:00,2011-09-09 09:03:00,6
16295,2011-10-06 10:45:00,2011-10-12 13:17:00,6
16393,2010-12-05 13:10:00,2010-12-12 11:54:00,6
16395,2011-01-13 12:10:00,2011-01-20 10:43:00,6
16689,2011-09-18 13:29:00,2011-09-25 11:39:00,6
16729,2011-04-12 14:22:00,2011-04-18 14:27:00,6
17211,2010-12-05 12:44:00,2010-12-12 11:46:00,6
17334,2011-02-04 09:03:00,2011-02-10 14:59:00,6
17368,2011-01-06 11:57:00,2011-01-13 09:55:00,6
17461,2011-11-10 12:01:00,2011-11-17 10:01:00,6
17500,2011-11-10 09:08:00,2011-11-16 13:36:00,6
17770,2011-03-02 13:35:00,2011-03-09 12:38:00,6
17838,2010-12-02 15:55:00,2010-12-09 15:50:00,6
17897,2010-12-01 12:31:00,2010-12-07 15:54:00,6
18096,2011-10-07 11:55:00,2011-10-13 13:35:00,6
18109,2010-12-05 10:58:00,2010-12-12 10:47:00,6
18116,2010-12-10 12:14:00,2010-12-16 13:21:00,6
18229,2010-12-01 16:25:00,2010-12-08 10:51:00,6
12433,2010-12-01 13:24:00,2010-12-08 16:49:00,7
12669,2011-03-28 10:15:00,2011-04-05 09:45:00,7
12747,2010-12-05 15:38:00,2010-12-13 10:41:00,7
12823,2011-02-16 12:15:00,2011-02-23 15:03:00,7
12856,2011-10-07 12:38:00,2011-10-14 12:53:00,7
13018,2011-02-17 11:05:00,2011-02-24 13:46:00,7
13066,2011-11-07 17:06:00,2011-11-15 12:57:00,7
13078,2010-12-08 09:07:00,2010-12-15 09:51:00,7
13090,2010-12-02 07:48:00,2010-12-09 12:12:00,7
13117,2010-12-02 13:11:00,2010-12-09 14:50:00,7
13596,2011-11-27 11:57:00,2011-12-04 12:01:00,7
13756,2010-12-07 11:41:00,2010-12-14 15:18:00,7
13758,2010-12-01 12:08:00,2010-12-08 15:39:00,7
13798,2010-12-02 17:24:00,2010-12-10 15:31:00,7
13854,2010-12-09 10:48:00,2010-12-17 09:37:00,7
14009,2011-05-18 13:00:00,2011-05-25 15:47:00,7
14031,2010-12-02 16:34:00,2010-12-09 17:34:00,7
14085,2010-12-06 12:39:00,2010-12-13 13:28:00,7
14102,2011-10-26 12:46:00,2011-11-02 13:46:00,7
14385,2011-11-16 11:55:00,2011-11-23 13:56:00,7
14592,2011-10-06 18:08:00,2011-10-14 14:58:00,7
14713,2010-12-09 18:58:00,2010-12-16 19:22:00,7
14882,2011-11-06 10:15:00,2011-11-13 12:47:00,7
14907,2010-12-07 10:14:00,2010-12-14 11:03:00,7
15100,2010-12-01 09:09:00,2010-12-08 12:09:00,7
15194,2010-12-06 15:00:00,2010-12-13 15:42:00,7
15356,2010-12-06 14:05:00,2010-12-14 11:26:00,7
15467,2011-07-10 14:42:00,2011-07-17 15:24:00,7
15513,2010-12-01 11:22:00,2010-12-09 09:23:00,7
15602,2010-12-06 15:35:00,2010-12-14 11:10:00,7
15694,2010-12-02 07:49:00,2010-12-09 09:30:00,7
15811,2010-12-09 15:29:00,2010-12-17 14:24:00,7
15983,2010-12-01 12:15:00,2010-12-09 10:45:00,7
16360,2011-09-12 13:50:00,2011-09-20 13:11:00,7
16365,2010-12-07 17:19:00,2010-12-15 14:26:00,7
16405,2011-02-02 17:08:00,2011-02-10 15:24:00,7
16525,2010-12-08 11:31:00,2010-12-16 08:03:00,7
17050,2011-02-13 12:41:00,2011-02-20 14:21:00,7
17085,2010-12-12 12:24:00,2010-12-20 11:08:00,7
17203,2011-10-10 14:37:00,2011-10-18 12:01:00,7
17243,2010-12-05 10:03:00,2010-12-12 10:11:00,7
17377,2010-12-01 12:35:00,2010-12-09 10:42:00,7
17428,2010-12-06 09:37:00,2010-12-13 10:46:00,7
17651,2011-06-15 15:57:00,2011-06-23 10:27:00,7
17719,2011-03-29 11:29:00,2011-04-06 10:21:00,7
17813,2011-09-29 15:57:00,2011-10-06 16:01:00,7
17857,2010-12-09 11:35:00,2010-12-16 16:28:00,7
17865,2010-12-10 14:53:00,2010-12-17 15:57:00,7
17934,2011-10-12 10:50:00,2011-10-19 11:16:00,7
17997,2011-06-28 17:28:00,2011-07-06 16:54:00,7
18123,2011-11-08 13:31:00,2011-11-15 14:23:00,7
12559,2011-01-24 10:12:00,2011-02-02 09:49:00,8
12621,2010-12-09 10:16:00,2010-12-17 12:38:00,8
13001,2011-01-17 12:45:00,2011-01-25 14:53:00,8
13199,2010-12-08 10:51:00,2010-12-16 14:25:00,8
13269,2010-12-05 11:51:00,2010-12-13 14:52:00,8
13495,2010-12-06 15:14:00,2010-12-15 11:32:00,8
14243,2010-12-09 08:34:00,2010-12-17 13:29:00,8
14971,2011-10-27 13:33:00,2011-11-04 17:03:00,8
15039,2010-12-06 11:26:00,2010-12-14 11:48:00,8
15808,2010-12-05 13:05:00,2010-12-13 15:37:00,8
15856,2010-12-09 13:34:00,2010-12-17 17:06:00,8
15867,2010-12-05 14:17:00,2010-12-13 15:26:00,8
16161,2010-12-06 10:03:00,2010-12-14 17:22:00,8
16376,2011-11-22 16:47:00,2011-12-01 11:38:00,8
16710,2010-12-06 13:13:00,2010-12-14 14:11:00,8
16817,2010-12-06 14:19:00,2010-12-15 09:49:00,8
16866,2011-07-01 12:34:00,2011-07-10 10:14:00,8
16919,2010-12-06 12:52:00,2010-12-14 14:15:00,8
16942,2011-04-26 11:59:00,2011-05-04 12:20:00,8
17083,2011-02-09 11:38:00,2011-02-17 11:46:00,8
17573,2011-09-07 10:36:00,2011-09-15 17:09:00,8
17819,2010-12-03 14:26:00,2010-12-12 12:46:00,8
17837,2011-06-29 16:44:00,2011-07-07 17:47:00,8
17990,2010-12-13 12:10:00,2010-12-21 12:57:00,8
18219,2010-12-06 10:05:00,2010-12-14 12:30:00,8
12709,2010-12-08 09:49:00,2010-12-17 12:02:00,9
13159,2011-08-16 11:44:00,2011-08-25 15:12:00,9
13266,2011-03-28 10:14:00,2011-04-06 11:34:00,9
13632,2011-04-10 15:07:00,2011-04-20 11:45:00,9
13827,2011-07-19 15:38:00,2011-07-29 11:45:00,9
13911,2011-02-04 14:46:00,2011-02-14 14:13:00,9
14062,2010-12-10 15:56:00,2010-12-20 13:24:00,9
14825,2010-12-06 12:30:00,2010-12-16 10:43:00,9
15508,2011-04-18 15:31:00,2011-04-28 13:31:00,9
16033,2010-12-05 10:36:00,2010-12-14 13:18:00,9
16070,2011-11-07 16:36:00,2011-11-17 15:50:00,9
16224,2011-04-04 12:00:00,2011-04-13 14:17:00,9
16354,2011-09-27 16:28:00,2011-10-07 14:28:00,9
16422,2010-12-05 15:35:00,2010-12-14 16:53:00,9
16460,2011-09-19 10:15:00,2011-09-28 12:22:00,9
16558,2010-12-08 12:01:00,2010-12-17 15:39:00,9
16638,2010-12-06 10:19:00,2010-12-15 12:47:00,9
16851,2011-10-19 09:48:00,2011-10-28 12:33:00,9
16869,2011-06-17 13:01:00,2011-06-27 12:16:00,9
17669,2011-04-04 10:11:00,2011-04-14 08:14:00,9
12626,2011-01-17 11:01:00,2011-01-27 13:42:00,10
12627,2011-07-22 13:59:00,2011-08-02 09:29:00,10
12839,2010-12-07 15:48:00,2010-12-17 17:33:00,10
12879,2011-09-09 12:11:00,2011-09-19 14:27:00,10
12901,2011-03-14 10:41:00,2011-03-24 11:07:00,10
12951,2011-01-13 10:33:00,2011-01-24 10:05:00,10
13314,2011-09-27 10:20:00,2011-10-07 13:09:00,10
13715,2010-12-02 08:52:00,2010-12-12 12:41:00,10
13819,2011-01-24 10:38:00,2011-02-03 14:01:00,10
14056,2011-02-28 15:19:00,2011-03-10 16:16:00,10
14164,2011-09-20 12:18:00,2011-09-30 12:24:00,10
14180,2010-12-02 13:08:00,2010-12-13 09:02:00,10
14211,2011-02-17 15:50:00,2011-02-28 09:33:00,10
14331,2011-07-27 15:14:00,2011-08-07 13:17:00,10
14364,2011-05-12 12:56:00,2011-05-23 11:58:00,10
15046,2011-01-05 15:30:00,2011-01-16 13:25:00,10
15334,2011-06-19 13:51:00,2011-06-29 14:20:00,10
15465,2010-12-05 10:12:00,2010-12-15 12:06:00,10
15581,2010-12-08 14:38:00,2010-12-19 14:23:00,10
15621,2011-11-18 11:49:00,2011-11-28 15:16:00,10
15640,2010-12-02 15:40:00,2010-12-13 14:36:00,10
15696,2011-01-17 11:24:00,2011-01-27 13:40:00,10
15852,2011-05-26 13:26:00,2011-06-06 11:22:00,10
16353,2010-12-05 12:09:00,2010-12-15 12:29:00,10
17054,2011-04-08 13:14:00,2011-04-18 14:32:00,10
17068,2010-12-06 13:58:00,2010-12-16 15:07:00,10
17254,2011-11-24 14:09:00,2011-12-05 12:46:00,10
17502,2011-11-10 16:39:00,2011-11-21 13:14:00,10
17691,2010-12-06 11:10:00,2010-12-16 17:20:00,10
17811,2011-01-10 10:58:00,2011-01-20 11:15:00,10
17858,2010-12-05 13:08:00,2010-12-15 13:26:00,10
18179,2011-01-07 14:22:00,2011-01-17 14:51:00,10
12481,2010-12-09 10:13:00,2010-12-20 15:15:00,11
12720,2010-12-05 15:21:00,2010-12-17 12:56:00,11
12827,2011-10-26 15:44:00,2011-11-07 11:29:00,11
13452,2011-03-14 11:38:00,2011-03-25 14:19:00,11
13493,2011-02-25 16:42:00,2011-03-09 15:35:00,11
13509,2011-02-28 13:27:00,2011-03-11 15:42:00,11
13885,2011-05-23 08:52:00,2011-06-03 15:07:00,11
14032,2010-12-08 10:53:00,2010-12-19 11:19:00,11
14104,2011-06-27 12:49:00,2011-07-08 12:50:00,11
14179,2011-10-18 14:00:00,2011-10-30 12:07:00,11
14680,2010-12-03 12:05:00,2010-12-14 13:19:00,11
14741,2010-12-02 08:43:00,2010-12-13 11:44:00,11
14829,2010-12-02 16:12:00,2010-12-14 09:50:00,11
15213,2011-01-14 11:05:00,2011-01-25 12:21:00,11
15373,2010-12-03 14:40:00,2010-12-15 10:40:00,11
15974,2011-02-24 10:10:00,2011-03-07 15:40:00,11
16333,2011-02-03 10:50:00,2011-02-14 11:22:00,11
16713,2010-12-08 13:01:00,2010-12-20 12:51:00,11
16764,2011-07-19 17:17:00,2011-07-31 11:38:00,11
17232,2011-11-25 12:24:00,2011-12-07 12:21:00,11
17237,2011-11-17 12:55:00,2011-11-28 15:02:00,11
17472,2011-02-13 14:40:00,2011-02-24 18:26:00,11
17522,2011-05-05 16:31:00,2011-05-17 10:36:00,11
17685,2010-12-02 14:42:00,2010-12-14 11:44:00,11
18077,2010-12-08 10:21:00,2010-12-19 11:19:00,11
18092,2010-12-09 10:00:00,2010-12-20 11:45:00,11
12504,2011-11-09 14:56:00,2011-11-21 16:02:00,12
12522,2011-10-19 14:41:00,2011-10-31 15:30:00,12
12569,2011-04-01 13:47:00,2011-04-14 09:56:00,12
12840,2011-04-27 12:21:00,2011-05-09 14:10:00,12
13098,2011-01-26 13:46:00,2011-02-08 11:32:00,12
13167,2011-07-19 12:13:00,2011-08-01 12:12:00,12
13491,2010-12-02 14:30:00,2010-12-15 10:48:00,12
13755,2011-10-07 15:45:00,2011-10-20 10:15:00,12
14234,2011-10-13 13:58:00,2011-10-25 15:39:00,12
14534,2011-01-25 12:33:00,2011-02-07 11:15:00,12
14711,2011-03-22 13:32:00,2011-04-04 12:42:00,12
15107,2010-12-02 13:45:00,2010-12-14 14:50:00,12
15762,2011-09-23 15:17:00,2011-10-05 16:15:00,12
16725,2010-12-03 16:02:00,2010-12-15 16:32:00,12
16811,2011-11-22 17:19:00,2011-12-05 11:39:00,12
16813,2011-05-19 13:28:00,2011-06-01 12:11:00,12
16931,2010-12-05 11:40:00,2010-12-17 13:45:00,12
17213,2010-12-08 13:03:00,2010-12-21 09:34:00,12
17290,2011-11-23 15:53:00,2011-12-06 12:38:00,12
17340,2010-12-08 15:56:00,2010-12-20 17:05:00,12
18144,2010-12-01 13:45:00,2010-12-14 13:02:00,12
18168,2010-12-02 18:08:00,2010-12-15 11:08:00,12
12352,2011-02-16 12:33:00,2011-03-01 14:57:00,13
12395,2010-12-03 16:35:00,2010-12-17 16:00:00,13
12520,2011-03-11 11:35:00,2011-03-25 08:50:00,13
12600,2010-12-03 12:57:00,2010-12-17 09:24:00,13
12681,2010-12-07 10:08:00,2010-12-20 14:10:00,13
12967,2010-12-03 09:49:00,2010-12-16 19:10:00,13
13268,2011-03-17 13:20:00,2011-03-30 16:52:00,13
13450,2011-05-05 19:48:00,2011-05-19 12:36:00,13
13564,2010-12-06 17:26:00,2010-12-20 16:50:00,13
13673,2011-11-07 15:40:00,2011-11-21 12:11:00,13
13925,2011-07-28 12:09:00,2011-08-10 12:41:00,13
14427,2011-10-07 09:10:00,2011-10-20 14:23:00,13
14664,2011-11-06 14:56:00,2011-11-20 10:59:00,13
14682,2011-05-22 12:51:00,2011-06-05 12:12:00,13
14978,2011-01-13 12:03:00,2011-01-26 12:40:00,13
15059,2011-01-09 11:54:00,2011-01-23 11:48:00,13
15427,2011-10-23 14:47:00,2011-11-06 14:17:00,13
15574,2010-12-02 15:46:00,2010-12-16 12:42:00,13
16170,2011-04-05 13:42:00,2011-04-19 09:43:00,13
16378,2011-02-02 12:42:00,2011-02-16 10:32:00,13
16416,2011-10-14 13:35:00,2011-10-27 15:33:00,13
16533,2011-10-02 15:07:00,2011-10-16 13:51:00,13
16770,2010-12-02 15:49:00,2010-12-16 15:45:00,13
17186,2011-10-10 12:52:00,2011-10-24 10:20:00,13
17346,2010-12-01 14:34:00,2010-12-15 11:14:00,13
17387,2011-11-06 11:25:00,2011-11-20 11:00:00,13
17723,2011-05-09 14:44:00,2011-05-23 13:28:00,13
17835,2011-11-16 16:30:00,2011-11-30 11:17:00,13
12371,2011-10-11 10:43:00,2011-10-26 10:16:00,14
12830,2011-06-21 10:53:00,2011-07-06 10:52:00,14
13093,2010-12-01 15:00:00,2010-12-16 09:44:00,14
13321,2011-09-14 15:18:00,2011-09-28 15:24:00,14
13429,2011-09-25 15:59:00,2011-10-10 12:51:00,14
14040,2011-01-12 14:57:00,2011-01-27 11:15:00,14
14660,2011-08-31 10:40:00,2011-09-14 11:34:00,14
14665,2011-02-02 09:08:00,2011-02-16 10:32:00,14
15189,2011-01-11 12:29:00,2011-01-25 16:36:00,14
15274,2011-11-21 14:17:00,2011-12-05 16:57:00,14
15601,2010-12-02 10:39:00,2010-12-16 14:27:00,14
15797,2011-01-24 15:47:00,2011-02-08 10:17:00,14
15815,2011-03-25 08:43:00,2011-04-08 12:01:00,14
16143,2010-12-05 15:18:00,2010-12-20 12:51:00,14
16832,2011-05-06 14:12:00,2011-05-20 14:47:00,14
16897,2011-01-30 11:52:00,2011-02-13 15:02:00,14
17086,2011-10-07 11:22:00,2011-10-21 13:27:00,14
17173,2011-07-31 15:26:00,2011-08-15 10:28:00,14
17412,2010-12-02 16:29:00,2010-12-16 17:48:00,14
17656,2011-08-03 10:45:00,2011-08-17 13:06:00,14
17659,2010-12-02 16:46:00,2010-12-16 17:38:00,14
17828,2011-06-08 08:31:00,2011-06-22 09:02:00,14
18097,2010-12-20 14:49:00,2011-01-04 10:22:00,14
18237,2011-07-28 13:05:00,2011-08-12 12:44:00,14
12536,2011-10-11 14:52:00,2011-10-27 14:13:00,15
13470,2011-08-16 17:06:00,2011-09-01 14:57:00,15
13694,2010-12-01 12:12:00,2010-12-16 17:43:00,15
14397,2011-05-10 12:25:00,2011-05-25 14:40:00,15
14562,2011-02-08 14:45:00,2011-02-23 15:11:00,15
14855,2011-07-28 12:06:00,2011-08-12 14:02:00,15
15034,2010-12-21 09:47:00,2011-01-05 15:57:00,15
15933,2011-09-14 12:05:00,2011-09-29 16:42:00,15
16407,2011-01-31 14:02:00,2011-02-15 15:00:00,15
16497,2011-01-10 13:20:00,2011-01-25 14:47:00,15
16539,2010-12-01 15:40:00,2010-12-16 16:42:00,15
16706,2011-08-17 15:53:00,2011-09-02 13:41:00,15
16871,2011-03-14 10:31:00,2011-03-29 11:39:00,15
16880,2011-06-03 16:45:00,2011-06-19 12:58:00,15
17951,2010-12-01 12:40:00,2010-12-16 12:55:00,15
12431,2010-12-01 10:03:00,2010-12-17 14:10:00,16
12822,2011-09-13 13:46:00,2011-09-30 10:04:00,16
12912,2011-10-30 11:35:00,2011-11-16 09:34:00,16
12950,2011-11-15 13:48:00,2011-12-01 15:55:00,16
13720,2011-03-30 09:17:00,2011-04-15 15:17:00,16
13949,2011-09-06 11:55:00,2011-09-23 10:14:00,16
13971,2011-02-27 12:27:00,2011-03-15 12:54:00,16
14803,2011-02-20 13:21:00,2011-03-09 12:12:00,16
15291,2010-12-01 09:32:00,2010-12-17 10:32:00,16
15478,2011-10-14 11:09:00,2011-10-30 14:19:00,16
15654,2011-11-13 15:15:00,2011-11-30 13:08:00,16
15877,2011-11-22 11:18:00,2011-12-08 11:53:00,16
16079,2011-10-30 13:06:00,2011-11-16 09:34:00,16
16174,2011-07-11 09:23:00,2011-07-28 09:21:00,16
16188,2011-04-11 09:44:00,2011-04-27 10:54:00,16
16214,2011-03-15 13:23:00,2011-04-01 10:08:00,16
16603,2011-09-09 13:02:00,2011-09-26 10:06:00,16
16628,2011-04-19 08:55:00,2011-05-05 15:44:00,16
16723,2011-08-24 11:31:00,2011-09-09 13:01:00,16
16997,2011-01-18 11:51:00,2011-02-03 15:17:00,16
17160,2011-04-12 12:00:00,2011-04-28 13:18:00,16
17459,2011-10-10 17:00:00,2011-10-27 13:25:00,16
17562,2011-06-19 13:06:00,2011-07-06 10:59:00,16
17613,2011-02-07 11:20:00,2011-02-24 10:25:00,16
17856,2011-03-03 11:40:00,2011-03-20 11:37:00,16
12450,2011-06-19 14:36:00,2011-07-06 14:41:00,17
12539,2011-01-10 09:11:00,2011-01-27 11:05:00,17
12762,2011-11-14 14:23:00,2011-12-02 10:23:00,17
12828,2011-08-01 16:16:00,2011-08-19 09:23:00,17
13220,2011-04-17 10:59:00,2011-05-04 11:26:00,17
13261,2011-02-27 10:41:00,2011-03-16 12:22:00,17
13277,2011-07-29 10:06:00,2011-08-15 14:50:00,17
14083,2010-12-03 12:24:00,2010-12-20 15:22:00,17
14659,2011-01-28 12:43:00,2011-02-15 12:05:00,17
15821,2011-10-09 13:28:00,2011-10-26 15:48:00,17
16484,2011-06-02 10:39:00,2011-06-19 12:06:00,17
16688,2011-10-10 12:23:00,2011-10-27 16:11:00,17
17315,2010-12-17 12:24:00,2011-01-04 10:38:00,17
17566,2011-11-14 13:42:00,2011-12-01 19:54:00,17
17633,2011-08-11 15:43:00,2011-08-28 15:58:00,17
17725,2011-03-17 19:47:00,2011-04-04 12:07:00,17
17750,2011-06-28 15:44:00,2011-07-15 17:29:00,17
17994,2011-02-22 11:02:00,2011-03-11 15:14:00,17
18242,2011-05-10 11:20:00,2011-05-27 14:22:00,17
18283,2011-01-06 14:14:00,2011-01-23 14:58:00,17
12599,2011-02-08 13:28:00,2011-02-27 11:58:00,18
12783,2011-09-25 15:35:00,2011-10-14 11:42:00,18
13014,2011-03-03 18:28:00,2011-03-22 11:27:00,18
14504,2011-03-06 14:38:00,2011-03-25 12:55:00,18
14701,2011-01-27 12:40:00,2011-02-15 11:40:00,18
14710,2011-10-11 13:49:00,2011-10-30 13:09:00,18
14824,2011-09-09 14:12:00,2011-09-27 15:16:00,18
15249,2011-03-28 12:49:00,2011-04-15 14:14:00,18
15453,2011-06-05 12:37:00,2011-06-23 19:46:00,18
15687,2011-01-13 15:13:00,2011-02-01 13:15:00,18
16027,2011-02-10 12:19:00,2011-02-28 15:04:00,18
16164,2011-10-28 09:12:00,2011-11-15 10:41:00,18
16180,2011-04-01 10:23:00,2011-04-19 12:26:00,18
16321,2011-01-20 12:11:00,2011-02-07 15:01:00,18
16806,2011-04-14 19:59:00,2011-05-03 15:15:00,18
17069,2010-12-01 16:49:00,2010-12-20 10:00:00,18
17615,2011-05-01 15:33:00,2011-05-20 08:30:00,18
17716,2011-03-17 10:38:00,2011-04-04 15:18:00,18
17961,2010-12-02 19:18:00,2010-12-21 10:26:00,18
12610,2011-08-05 13:52:00,2011-08-25 12:57:00,19
12619,2011-03-31 13:10:00,2011-04-19 14:02:00,19
12845,2011-02-22 14:10:00,2011-03-14 10:55:00,19
12919,2011-06-23 09:22:00,2011-07-12 17:21:00,19
13784,2011-01-11 14:38:00,2011-01-31 10:08:00,19
13856,2011-05-20 13:13:00,2011-06-09 08:45:00,19
14587,2011-01-12 13:16:00,2011-02-01 12:54:00,19
14788,2011-11-13 15:52:00,2011-12-02 17:06:00,19
15027,2011-04-15 14:14:00,2011-05-04 15:25:00,19
15089,2011-08-03 14:14:00,2011-08-23 13:40:00,19
15932,2011-02-23 14:50:00,2011-03-15 13:28:00,19
16284,2011-10-20 13:54:00,2011-11-08 16:12:00,19
16454,2011-10-06 16:57:00,2011-10-26 11:40:00,19
16477,2010-12-03 12:48:00,2010-12-22 13:39:00,19
16672,2011-03-18 10:15:00,2011-04-06 14:03:00,19
16828,2011-08-19 13:24:00,2011-09-07 15:10:00,19
16855,2011-10-27 16:31:00,2011-11-16 12:03:00,19
16924,2011-09-16 12:54:00,2011-10-06 11:41:00,19
17133,2011-03-18 13:47:00,2011-04-07 12:59:00,19
17432,2011-11-02 17:30:00,2011-11-21 17:33:00,19
12383,2010-12-22 14:28:00,2011-01-12 14:10:00,20
12739,2011-09-01 17:45:00,2011-09-22 13:00:00,20
13280,2011-01-06 17:10:00,2011-01-27 16:29:00,20
13420,2011-06-22 11:35:00,2011-07-13 08:48:00,20
13437,2011-06-02 14:30:00,2011-06-23 12:13:00,20
13460,2011-10-21 09:50:00,2011-11-10 17:17:00,20
13742,2011-01-23 14:59:00,2011-02-13 12:03:00,20
13882,2011-10-06 15:28:00,2011-10-27 12:53:00,20
13952,2011-04-15 09:27:00,2011-05-06 09:00:00,20
14191,2011-05-03 10:30:00,2011-05-24 08:49:00,20
14416,2011-10-28 15:10:00,2011-11-17 15:22:00,20
14472,2010-12-19 14:03:00,2011-01-09 11:34:00,20
14502,2011-01-30 15:52:00,2011-02-20 15:51:00,20
14583,2011-05-18 11:28:00,2011-06-07 12:47:00,20
14730,2011-03-08 12:49:00,2011-03-28 12:52:00,20
14856,2011-10-14 09:35:00,2011-11-03 14:47:00,20
15022,2011-10-23 15:47:00,2011-11-13 14:42:00,20
15493,2011-03-14 11:44:00,2011-04-04 11:28:00,20
15565,2011-09-30 10:44:00,2011-10-20 14:33:00,20
16160,2011-09-15 10:53:00,2011-10-05 14:19:00,20
16326,2011-01-09 12:01:00,2011-01-30 10:33:00,20
16352,2011-11-02 08:44:00,2011-11-22 10:32:00,20
16506,2011-10-30 15:50:00,2011-11-20 12:17:00,20
17081,2011-10-24 13:08:00,2011-11-14 12:56:00,20
17571,2011-02-14 15:15:00,2011-03-07 11:44:00,20
17653,2011-08-11 15:24:00,2011-09-01 12:17:00,20
17728,2011-09-14 11:39:00,2011-10-05 08:17:00,20
18095,2011-01-11 12:37:00,2011-01-31 12:50:00,20
18125,2011-01-27 15:02:00,2011-02-17 13:47:00,20
18231,2011-02-24 09:08:00,2011-03-16 11:36:00,20
12388,2011-01-17 11:12:00,2011-02-07 13:59:00,21
12437,2011-01-12 14:13:00,2011-02-02 15:22:00,21
12735,2011-01-06 14:26:00,2011-01-28 13:37:00,21
13431,2011-09-12 11:25:00,2011-10-03 13:49:00,21
13458,2010-12-15 12:05:00,2011-01-06 11:25:00,21
13895,2011-06-28 10:17:00,2011-07-19 14:03:00,21
14064,2011-03-10 12:59:00,2011-03-31 13:14:00,21
14132,2011-06-09 12:04:00,2011-06-30 17:29:00,21
14216,2011-11-02 10:51:00,2011-11-23 13:24:00,21
14305,2011-07-27 14:14:00,2011-08-18 06:20:00,21
14367,2011-03-08 14:12:00,2011-03-29 14:35:00,21
14432,2011-09-11 14:09:00,2011-10-02 15:49:00,21
14547,2011-10-16 14:35:00,2011-11-06 14:39:00,21
15145,2011-04-05 15:20:00,2011-04-26 16:40:00,21
15379,2010-12-16 13:02:00,2011-01-06 14:07:00,21
15484,2011-09-22 13:31:00,2011-10-14 11:56:00,21
15632,2011-03-10 08:29:00,2011-03-31 11:53:00,21
15661,2011-01-05 12:32:00,2011-01-26 13:56:00,21
15977,2011-10-31 16:24:00,2011-11-22 13:29:00,21
16145,2010-12-15 09:09:00,2011-01-05 10:35:00,21
16243,2011-10-16 12:09:00,2011-11-06 12:32:00,21
16427,2011-02-28 15:18:00,2011-03-21 17:10:00,21
16712,2011-03-08 15:07:00,2011-03-29 16:05:00,21
17444,2011-06-20 09:04:00,2011-07-11 10:33:00,21
17905,2010-12-01 13:21:00,2010-12-22 16:23:00,21
18081,2011-07-29 11:56:00,2011-08-19 12:23:00,21
18272,2011-04-07 09:35:00,2011-04-28 18:11:00,21
12562,2011-05-25 12:44:00,2011-06-16 15:22:00,22
12811,2011-02-28 15:39:00,2011-03-23 10:55:00,22
13028,2011-10-25 14:09:00,2011-11-17 11:10:00,22
13097,2010-12-14 15:13:00,2011-01-06 09:40:00,22
13426,2010-12-15 12:43:00,2011-01-07 11:54:00,22
13434,2011-09-04 10:35:00,2011-09-26 14:30:00,22
13536,2011-09-25 13:30:00,2011-10-18 08:12:00,22
13692,2011-04-17 12:57:00,2011-05-10 10:11:00,22
14002,2011-07-06 14:59:00,2011-07-28 15:55:00,22
14561,2011-06-08 13:26:00,2011-06-30 13:43:00,22
14692,2011-01-21 13:47:00,2011-02-13 13:15:00,22
14854,2011-03-10 12:22:00,2011-04-01 14:53:00,22
15531,2011-11-09 17:47:00,2011-12-01 18:43:00,22
15707,2011-09-14 14:19:00,2011-10-06 15:53:00,22
15768,2011-04-28 09:20:00,2011-05-20 10:29:00,22
16015,2011-10-21 12:56:00,2011-11-13 11:55:00,22
16629,2011-09-04 16:12:00,2011-09-27 10:34:00,22
17204,2011-03-21 12:42:00,2011-04-12 15:32:00,22
18177,2011-03-29 08:46:00,2011-04-20 15:25:00,22
18228,2011-09-21 10:48:00,2011-10-14 09:21:00,22
12680,2011-08-18 15:44:00,2011-09-11 12:27:00,23
12727,2011-01-23 15:17:00,2011-02-16 11:45:00,23
12829,2010-12-14 14:54:00,2011-01-07 11:13:00,23
13225,2010-12-13 09:49:00,2011-01-05 16:28:00,23
13695,2011-03-25 11:31:00,2011-04-17 15:53:00,23
14904,2011-11-14 09:13:00,2011-12-07 12:55:00,23
14910,2011-10-16 11:06:00,2011-11-08 12:09:00,23
15223,2011-04-04 12:17:00,2011-04-28 11:31:00,23
15237,2011-04-26 15:04:00,2011-05-20 14:47:00,23
15355,2011-10-17 15:22:00,2011-11-10 13:44:00,23
15653,2011-08-16 09:50:00,2011-09-08 10:49:00,23
15855,2011-03-21 12:32:00,2011-04-13 14:39:00,23
16513,2011-10-27 14:56:00,2011-11-20 13:39:00,23
17188,2010-12-12 12:56:00,2011-01-04 12:57:00,23
17298,2011-08-07 12:21:00,2011-08-30 16:43:00,23
17451,2011-08-26 11:54:00,2011-09-19 09:30:00,23
17590,2011-10-30 14:05:00,2011-11-22 16:06:00,23
18059,2011-10-03 09:30:00,2011-10-26 14:36:00,23
18260,2010-12-16 18:23:00,2011-01-09 14:42:00,23
12464,2011-02-03 13:30:00,2011-02-28 12:08:00,24
12882,2011-11-06 11:22:00,2011-11-30 16:18:00,24
13004,2010-12-17 08:20:00,2011-01-10 10:32:00,24
13040,2011-11-06 13:53:00,2011-12-01 10:38:00,24
13217,2011-07-06 12:08:00,2011-07-31 10:43:00,24
13636,2011-02-27 14:29:00,2011-03-24 09:50:00,24
13914,2011-11-03 16:28:00,2011-11-28 10:35:00,24
14273,2011-04-11 13:24:00,2011-05-06 08:25:00,24
14354,2011-11-09 15:36:00,2011-12-04 11:32:00,24
14505,2010-12-12 16:14:00,2011-01-06 16:03:00,24
14780,2011-09-21 15:15:00,2011-10-16 12:46:00,24
16038,2011-05-22 11:29:00,2011-06-15 13:50:00,24
16656,2010-12-10 11:23:00,2011-01-04 10:23:00,24
17595,2011-11-02 16:19:00,2011-11-27 16:08:00,24
13461,2011-06-29 10:23:00,2011-07-24 11:32:00,25
13467,2011-11-03 16:56:00,2011-11-29 10:01:00,25
13471,2011-10-23 13:10:00,2011-11-18 09:57:00,25
13730,2011-07-01 12:47:00,2011-07-27 08:35:00,25
14099,2010-12-20 11:14:00,2011-01-14 14:47:00,25
14408,2011-03-20 14:41:00,2011-04-15 11:15:00,25
15410,2011-03-23 10:15:00,2011-04-17 14:05:00,25
15612,2011-10-09 12:49:00,2011-11-03 14:52:00,25
15963,2011-10-25 13:05:00,2011-11-20 11:33:00,25
16255,2010-12-09 14:25:00,2011-01-04 11:30:00,25
16347,2011-11-03 13:01:00,2011-11-28 13:14:00,25
16368,2011-11-11 15:08:00,2011-12-07 13:12:00,25
16670,2010-12-16 10:30:00,2011-01-11 09:20:00,25
16681,2011-03-31 13:46:00,2011-04-26 08:57:00,25
16748,2011-01-09 13:50:00,2011-02-03 14:51:00,25
16987,2011-05-18 15:55:00,2011-06-13 15:09:00,25
17353,2011-07-08 16:17:00,2011-08-02 17:19:00,25
17554,2011-07-14 20:01:00,2011-08-09 10:16:00,25
17609,2011-01-16 16:23:00,2011-02-10 17:54:00,25
18143,2011-07-21 10:44:00,2011-08-15 12:07:00,25
18198,2011-01-07 13:39:00,2011-02-02 10:06:00,25
12359,2011-01-12 12:43:00,2011-02-07 14:51:00,26
13168,2011-01-25 13:55:00,2011-02-20 15:06:00,26
13363,2011-10-27 10:46:00,2011-11-22 12:40:00,26
13486,2011-07-07 17:19:00,2011-08-03 13:10:00,26
13928,2011-07-29 15:59:00,2011-08-25 12:13:00,26
14312,2011-01-06 16:35:00,2011-02-02 12:38:00,26
15807,2011-09-23 14:43:00,2011-10-20 14:09:00,26
16012,2011-07-07 18:02:00,2011-08-03 11:44:00,26
16698,2011-03-31 13:33:00,2011-04-27 10:52:00,26
17075,2011-01-26 13:20:00,2011-02-22 12:06:00,26
17940,2011-02-10 09:29:00,2011-03-08 10:12:00,26
17946,2011-03-25 14:34:00,2011-04-20 17:00:00,26
18221,2011-05-12 14:13:00,2011-06-08 11:37:00,26
12980,2010-12-16 11:36:00,2011-01-12 11:53:00,27
12985,2011-11-11 12:44:00,2011-12-09 10:46:00,27
13110,2011-02-01 15:24:00,2011-03-01 14:58:00,27
13571,2011-03-31 12:43:00,2011-04-27 13:31:00,27
13629,2011-01-05 12:09:00,2011-02-02 07:51:00,27
13668,2010-12-12 12:35:00,2011-01-09 11:02:00,27
13731,2011-04-07 10:10:00,2011-05-04 14:33:00,27
13924,2011-09-28 15:07:00,2011-10-26 13:44:00,27
13940,2011-07-18 16:05:00,2011-08-15 12:47:00,27
14140,2011-11-08 11:20:00,2011-12-06 09:05:00,27
14261,2011-09-22 10:47:00,2011-10-20 10:04:00,27
14360,2011-09-06 11:58:00,2011-10-03 12:47:00,27
14515,2011-05-05 12:13:00,2011-06-01 12:54:00,27
14702,2010-12-09 19:23:00,2011-01-06 18:24:00,27
15134,2011-04-13 11:05:00,2011-05-10 13:18:00,27
15232,2011-07-22 12:21:00,2011-08-18 16:27:00,27
15267,2011-06-10 10:24:00,2011-07-07 11:36:00,27
15271,2010-12-09 13:47:00,2011-01-06 10:46:00,27
15511,2011-09-15 15:05:00,2011-10-13 12:58:00,27
15606,2011-01-19 12:07:00,2011-02-15 15:51:00,27
15727,2010-12-15 15:47:00,2011-01-12 15:06:00,27
15910,2011-01-27 11:55:00,2011-02-24 10:29:00,27
15971,2011-02-01 16:47:00,2011-03-01 11:42:00,27
16019,2010-12-10 12:29:00,2011-01-07 10:00:00,27
16226,2011-04-18 12:58:00,2011-05-16 11:31:00,27
16728,2011-03-20 13:28:00,2011-04-17 11:04:00,27
16744,2011-06-19 15:13:00,2011-07-17 14:42:00,27
16923,2010-12-12 11:06:00,2011-01-09 10:21:00,27
16929,2011-07-07 12:39:00,2011-08-04 12:13:00,27
17073,2011-08-22 14:37:00,2011-09-18 16:04:00,27
17549,2011-10-19 10:05:00,2011-11-16 09:59:00,27
17739,2010-12-14 14:26:00,2011-01-10 15:35:00,27
17830,2011-02-24 10:15:00,2011-03-23 11:44:00,27
17848,2010-12-16 18:38:00,2011-01-13 10:48:00,27
17849,2011-01-10 11:59:00,2011-02-07 11:39:00,27
12407,2011-03-20 13:21:00,2011-04-18 12:25:00,28
12594,2011-01-21 09:52:00,2011-02-18 12:28:00,28
12877,2010-12-16 12:23:00,2011-01-14 11:50:00,28
13265,2011-03-11 09:54:00,2011-04-08 15:19:00,28
13410,2011-02-21 14:38:00,2011-03-21 15:02:00,28
13719,2011-04-19 13:56:00,2011-05-18 12:52:00,28
13956,2011-03-13 12:51:00,2011-04-10 16:04:00,28
13963,2010-12-07 09:21:00,2011-01-04 11:48:00,28
14116,2011-08-10 12:44:00,2011-09-08 09:51:00,28
14299,2010-12-09 10:30:00,2011-01-06 13:19:00,28
14539,2011-10-26 12:03:00,2011-11-24 09:50:00,28
14739,2010-12-07 14:58:00,2011-01-05 13:29:00,28
15002,2010-12-07 13:16:00,2011-01-05 10:51:00,28
15054,2011-10-30 14:33:00,2011-11-27 15:02:00,28
15113,2011-10-16 15:27:00,2011-11-14 10:33:00,28
15156,2011-11-06 12:41:00,2011-12-05 09:15:00,28
15272,2011-09-14 16:36:00,2011-10-13 12:59:00,28
15290,2010-12-15 16:03:00,2011-01-13 10:04:00,28
15298,2010-12-08 13:55:00,2011-01-05 16:00:00,28
15330,2011-10-10 12:30:00,2011-11-07 17:50:00,28
15568,2011-09-27 14:37:00,2011-10-26 11:51:00,28
15679,2011-06-10 08:24:00,2011-07-08 13:31:00,28
15704,2011-05-08 12:42:00,2011-06-05 14:04:00,28
15719,2011-01-06 12:31:00,2011-02-03 12:44:00,28
15804,2011-05-25 10:12:00,2011-06-22 10:28:00,28
15874,2011-02-28 13:28:00,2011-03-28 14:19:00,28
16115,2011-02-20 12:14:00,2011-03-20 13:58:00,28
16146,2011-04-21 15:25:00,2011-05-20 08:39:00,28
16359,2011-01-12 10:49:00,2011-02-10 10:08:00,28
16682,2011-06-05 11:02:00,2011-07-04 10:42:00,28
16771,2011-01-05 13:57:00,2011-02-02 14:37:00,28
17131,2011-09-25 12:42:00,2011-10-23 15:07:00,28
17162,2011-02-07 12:27:00,2011-03-07 14:45:00,28
17221,2011-11-03 17:39:00,2011-12-02 13:35:00,28
17730,2011-01-17 14:49:00,2011-02-15 11:50:00,28
17744,2010-12-16 14:17:00,2011-01-13 14:55:00,28
18130,2011-10-13 15:58:00,2011-11-11 09:25:00,28
12386,2010-12-08 09:53:00,2011-01-06 12:37:00,29
12540,2010-12-13 09:39:00,2011-01-11 12:25:00,29
12601,2011-01-11 10:38:00,2011-02-10 09:43:00,29
12878,2011-03-18 14:02:00,2011-04-17 13:07:00,29
13094,2010-12-06 10:34:00,2011-01-04 10:37:00,29
13842,2010-12-08 10:39:00,2011-01-07 10:27:00,29
14035,2011-02-15 12:48:00,2011-03-17 10:01:00,29
14121,2011-10-11 10:39:00,2011-11-10 10:36:00,29
14189,2010-12-06 11:42:00,2011-01-05 10:58:00,29
14217,2010-12-08 13:28:00,2011-01-07 12:26:00,29
14554,2011-10-18 13:04:00,2011-11-16 13:25:00,29
15140,2011-03-20 14:37:00,2011-04-19 12:59:00,29
15349,2011-06-05 15:46:00,2011-07-04 16:06:00,29
15367,2011-03-09 13:53:00,2011-04-08 11:50:00,29
15505,2011-07-07 13:33:00,2011-08-05 15:07:00,29
15984,2010-12-06 13:21:00,2011-01-05 13:05:00,29
16102,2011-08-03 12:50:00,2011-09-02 11:54:00,29
16184,2011-05-12 13:33:00,2011-06-10 13:59:00,29
16503,2010-12-14 13:50:00,2011-01-13 12:32:00,29
16639,2011-04-18 09:31:00,2011-05-17 10:10:00,29
16719,2010-12-06 12:06:00,2011-01-05 11:52:00,29
17139,2011-02-24 09:32:00,2011-03-25 12:48:00,29
17703,2011-07-24 13:30:00,2011-08-22 15:05:00,29
12527,2011-01-18 12:05:00,2011-02-18 09:41:00,30
12560,2011-07-19 15:55:00,2011-08-19 15:22:00,30
12656,2011-04-20 09:20:00,2011-05-20 11:34:00,30
13133,2011-02-08 15:48:00,2011-03-11 10:31:00,30
13376,2011-04-19 13:03:00,2011-05-20 09:08:00,30
13623,2011-02-15 13:08:00,2011-03-17 13:13:00,30
13672,2011-01-11 13:54:00,2011-02-11 13:53:00,30
13978,2011-10-25 15:04:00,2011-11-25 11:36:00,30
14403,2011-04-06 14:23:00,2011-05-06 16:48:00,30
14412,2011-09-28 08:48:00,2011-10-28 10:45:00,30
15251,2011-04-12 10:38:00,2011-05-13 10:14:00,30
16133,2011-01-25 15:55:00,2011-02-25 08:14:00,30
16230,2011-05-03 15:12:00,2011-06-03 10:06:00,30
16241,2010-12-05 11:04:00,2011-01-04 15:50:00,30
16306,2010-12-07 15:18:00,2011-01-06 17:58:00,30
16701,2010-12-13 11:51:00,2011-01-12 11:51:00,30
16746,2010-12-16 11:43:00,2011-01-16 10:42:00,30
16747,2011-10-03 10:18:00,2011-11-02 11:37:00,30
16814,2010-12-05 11:45:00,2011-01-04 14:47:00,30
17338,2010-12-13 12:57:00,2011-01-12 13:40:00,30
17457,2011-01-04 14:33:00,2011-02-04 08:56:00,30
17874,2011-03-29 11:25:00,2011-04-28 13:17:00,30
12412,2011-06-23 13:51:00,2011-07-25 11:17:00,31
12493,2011-05-26 14:53:00,2011-06-27 10:17:00,31
12546,2011-09-23 09:44:00,2011-10-24 12:09:00,31
12628,2011-10-06 09:28:00,2011-11-06 14:26:00,31
13223,2011-04-21 15:16:00,2011-05-23 13:03:00,31
13247,2011-09-18 11:31:00,2011-10-19 14:20:00,31
13318,2011-11-02 13:26:00,2011-12-04 12:17:00,31
13456,2011-05-16 15:34:00,2011-06-17 08:52:00,31
13644,2011-08-26 11:53:00,2011-09-27 10:27:00,31
13654,2011-03-11 12:54:00,2011-04-11 14:07:00,31
13868,2011-11-01 12:45:00,2011-12-02 16:32:00,31
14101,2011-01-17 13:09:00,2011-02-18 12:31:00,31
14141,2011-08-26 14:40:00,2011-09-27 11:38:00,31
14239,2011-01-27 14:45:00,2011-02-28 13:27:00,31
14462,2011-01-04 12:45:00,2011-02-04 13:30:00,31
14815,2011-10-03 11:36:00,2011-11-03 11:36:00,31
15125,2011-03-14 09:59:00,2011-04-14 10:13:00,31
15198,2011-08-07 15:16:00,2011-09-08 14:42:00,31
15444,2011-10-30 16:12:00,2011-11-30 17:37:00,31
15649,2010-12-07 10:06:00,2011-01-07 13:34:00,31
15813,2011-04-14 09:09:00,2011-05-16 08:13:00,31
15883,2011-11-06 14:50:00,2011-12-07 17:05:00,31
16311,2011-10-21 13:13:00,2011-11-22 08:54:00,31
16361,2011-09-29 13:13:00,2011-10-30 13:17:00,31
17288,2010-12-16 13:33:00,2011-01-17 13:25:00,31
17306,2010-12-21 13:34:00,2011-01-21 15:41:00,31
17447,2011-09-29 10:10:00,2011-10-30 14:18:00,31
17495,2011-11-01 12:06:00,2011-12-02 12:08:00,31
18223,2010-12-16 16:42:00,2011-01-17 11:55:00,31
12670,2011-04-21 10:16:00,2011-05-24 09:25:00,32
12722,2011-07-12 11:55:00,2011-08-14 11:16:00,32
12766,2010-12-08 13:53:00,2011-01-09 15:56:00,32
13752,2011-04-07 12:04:00,2011-05-09 14:02:00,32
14067,2011-09-04 12:00:00,2011-10-07 10:21:00,32
14210,2010-12-03 12:43:00,2011-01-04 13:30:00,32
14529,2011-08-21 14:10:00,2011-09-23 13:48:00,32
14616,2011-01-26 12:42:00,2011-02-28 10:07:00,32
14715,2011-01-12 13:27:00,2011-02-14 13:19:00,32
14769,2010-12-17 11:40:00,2011-01-19 10:56:00,32
14903,2011-03-06 11:50:00,2011-04-07 12:35:00,32
15227,2011-01-26 15:31:00,2011-02-28 12:47:00,32
15769,2010-12-03 15:16:00,2011-01-05 11:50:00,32
15854,2010-12-13 11:47:00,2011-01-14 15:04:00,32
16131,2011-04-14 08:32:00,2011-05-16 16:44:00,32
16609,2011-04-01 10:11:00,2011-05-03 10:56:00,32
16678,2011-03-02 09:24:00,2011-04-03 13:24:00,32
16692,2011-02-23 15:41:00,2011-03-28 14:46:00,32
16839,2010-12-05 11:15:00,2011-01-07 09:55:00,32
16912,2011-01-20 15:42:00,2011-02-22 10:09:00,32
17027,2011-01-26 14:19:00,2011-02-28 14:03:00,32
17679,2011-09-15 10:35:00,2011-10-18 07:43:00,32
12518,2011-08-21 13:18:00,2011-09-23 15:45:00,33
12940,2011-09-13 10:16:00,2011-10-16 12:09:00,33
13479,2011-04-19 11:27:00,2011-05-23 10:45:00,33
13741,2011-05-06 13:43:00,2011-06-09 07:53:00,33
13881,2011-02-01 10:14:00,2011-03-07 09:35:00,33
14235,2011-03-24 13:23:00,2011-04-27 12:57:00,33
14550,2011-10-26 12:14:00,2011-11-29 12:12:00,33
15093,2010-12-02 18:25:00,2011-01-05 13:37:00,33
15907,2011-05-13 13:01:00,2011-06-16 12:45:00,33
16049,2011-09-25 14:33:00,2011-10-28 16:10:00,33
16122,2010-12-08 11:41:00,2011-01-11 10:19:00,33
16401,2011-01-16 10:56:00,2011-02-18 12:56:00,33
16488,2011-07-14 11:46:00,2011-08-17 09:05:00,33
16652,2011-03-11 13:13:00,2011-04-13 13:51:00,33
17406,2010-12-08 10:35:00,2011-01-10 14:57:00,33
17429,2011-05-05 09:53:00,2011-06-07 13:38:00,33
17504,2011-01-21 11:09:00,2011-02-23 14:40:00,33
17949,2010-12-03 13:12:00,2011-01-06 10:20:00,33
12364,2011-08-19 15:24:00,2011-09-22 16:07:00,34
12463,2011-04-12 12:47:00,2011-05-17 10:02:00,34
12630,2011-10-27 10:41:00,2011-11-30 10:48:00,34
13032,2011-09-13 16:40:00,2011-10-18 15:54:00,34
13113,2010-12-08 13:21:00,2011-01-12 13:10:00,34
13232,2011-04-10 13:48:00,2011-05-15 12:33:00,34
13822,2011-10-30 15:55:00,2011-12-04 12:13:00,34
13860,2011-09-14 09:27:00,2011-10-18 14:34:00,34
13871,2011-02-04 09:30:00,2011-03-10 12:26:00,34
13883,2011-03-31 17:17:00,2011-05-05 12:37:00,34
14306,2011-09-15 10:31:00,2011-10-19 13:23:00,34
14387,2011-08-22 14:13:00,2011-09-26 12:58:00,34
14463,2011-05-18 14:42:00,2011-06-22 10:31:00,34
14525,2010-12-13 17:40:00,2011-01-17 13:21:00,34
14530,2011-02-16 10:47:00,2011-03-22 11:05:00,34
14735,2010-12-16 16:05:00,2011-01-20 13:01:00,34
14758,2011-03-25 12:10:00,2011-04-28 15:26:00,34
14810,2010-12-05 12:08:00,2011-01-09 11:20:00,34
14837,2011-05-22 12:49:00,2011-06-26 11:47:00,34
14931,2011-04-13 09:32:00,2011-05-17 17:12:00,34
15297,2011-10-07 09:42:00,2011-11-10 14:38:00,34
16007,2011-05-08 13:32:00,2011-06-12 12:01:00,34
16342,2011-06-13 10:10:00,2011-07-17 13:41:00,34
16644,2011-05-11 12:53:00,2011-06-15 12:39:00,34
16696,2011-04-05 15:20:00,2011-05-10 11:31:00,34
17014,2011-10-04 11:36:00,2011-11-07 14:51:00,34
17324,2010-12-08 12:45:00,2011-01-12 11:21:00,34
17434,2011-09-15 13:54:00,2011-10-20 10:06:00,34
17796,2010-12-05 12:23:00,2011-01-09 11:12:00,34
12553,2011-01-14 10:42:00,2011-02-18 15:23:00,35
12939,2011-01-09 11:20:00,2011-02-14 09:47:00,35
12952,2011-09-22 16:37:00,2011-10-27 16:59:00,35
13118,2011-02-24 12:32:00,2011-03-31 19:12:00,35
13186,2011-08-03 09:09:00,2011-09-07 11:46:00,35
13209,2010-12-13 10:31:00,2011-01-17 14:27:00,35
13488,2010-12-07 13:01:00,2011-01-12 11:52:00,35
13576,2010-12-01 17:24:00,2011-01-06 14:58:00,35
14045,2010-12-01 11:32:00,2011-01-06 08:52:00,35
14047,2010-12-02 10:09:00,2011-01-07 09:23:00,35
14053,2011-07-03 12:21:00,2011-08-07 14:27:00,35
14338,2011-05-27 13:30:00,2011-07-01 14:08:00,35
14415,2010-12-14 13:31:00,2011-01-18 15:37:00,35
15370,2011-01-11 11:32:00,2011-02-15 14:19:00,35
15708,2010-12-05 11:12:00,2011-01-09 11:43:00,35
15787,2011-10-09 13:11:00,2011-11-13 14:48:00,35
15948,2011-10-27 08:35:00,2011-12-01 15:32:00,35
16175,2011-04-13 14:38:00,2011-05-19 10:25:00,35
16322,2011-11-03 14:33:00,2011-12-08 15:41:00,35
16592,2011-02-25 10:19:00,2011-04-01 11:50:00,35
16647,2011-05-19 09:31:00,2011-06-23 11:47:00,35
16915,2011-03-01 09:52:00,2011-04-05 13:48:00,35
17095,2011-01-09 11:05:00,2011-02-13 13:52:00,35
17295,2011-10-06 12:22:00,2011-11-11 10:43:00,35
17503,2011-11-01 11:12:00,2011-12-07 09:18:00,35
17564,2011-09-20 14:00:00,2011-10-26 13:20:00,35
12488,2011-09-25 10:34:00,2011-10-31 10:42:00,36
12498,2011-10-13 09:30:00,2011-11-18 12:52:00,36
12528,2011-01-31 09:05:00,2011-03-08 11:46:00,36
12657,2011-09-22 11:40:00,2011-10-28 18:07:00,36
12793,2010-12-03 15:14:00,2011-01-09 12:12:00,36
12947,2010-12-01 16:21:00,2011-01-07 09:40:00,36
12989,2010-12-10 13:24:00,2011-01-16 12:44:00,36
13037,2011-03-28 15:42:00,2011-05-04 15:33:00,36
13276,2011-09-01 10:03:00,2011-10-07 12:44:00,36
13475,2011-02-14 12:36:00,2011-03-23 09:43:00,36
15129,2011-02-21 09:09:00,2011-03-29 13:05:00,36
15701,2011-08-21 12:36:00,2011-09-27 10:41:00,36
15756,2011-04-04 14:00:00,2011-05-10 14:20:00,36
16169,2011-09-25 11:33:00,2011-10-31 12:21:00,36
16233,2010-12-08 12:51:00,2011-01-14 10:31:00,36
16235,2011-01-11 15:42:00,2011-02-17 10:51:00,36
16419,2011-02-01 12:25:00,2011-03-09 14:49:00,36
16709,2011-03-03 10:55:00,2011-04-08 12:28:00,36
16774,2011-06-14 12:45:00,2011-07-20 13:09:00,36
16843,2011-01-16 16:10:00,2011-02-22 11:58:00,36
16966,2011-04-13 14:17:00,2011-05-19 15:24:00,36
16980,2011-02-21 12:58:00,2011-03-29 16:36:00,36
17317,2011-09-11 12:45:00,2011-10-18 09:07:00,36
17668,2011-11-01 14:45:00,2011-12-08 13:25:00,36
12583,2010-12-01 08:45:00,2011-01-07 12:07:00,37
12674,2011-05-16 09:10:00,2011-06-22 09:43:00,37
12697,2011-06-23 15:44:00,2011-07-31 14:17:00,37
13184,2011-02-22 17:25:00,2011-04-01 12:24:00,37
13416,2011-09-19 14:43:00,2011-10-27 08:56:00,37
13759,2011-09-29 15:40:00,2011-11-06 14:47:00,37
14215,2010-12-06 15:34:00,2011-01-13 14:24:00,37
14395,2010-12-02 18:15:00,2011-01-09 15:23:00,37
14704,2011-06-12 13:59:00,2011-07-20 12:01:00,37
14712,2011-08-19 13:33:00,2011-09-25 14:58:00,37
14720,2011-08-05 12:06:00,2011-09-11 13:56:00,37
14755,2011-01-09 14:02:00,2011-02-16 13:14:00,37
15026,2011-03-07 13:45:00,2011-04-13 14:25:00,37
15329,2011-06-21 10:37:00,2011-07-28 15:31:00,37
15485,2010-12-01 13:23:00,2011-01-07 17:18:00,37
15953,2010-12-05 15:15:00,2011-01-12 11:18:00,37
16775,2010-12-07 15:15:00,2011-01-13 15:18:00,37
17019,2010-12-06 12:55:00,2011-01-13 11:48:00,37
17114,2011-01-09 11:39:00,2011-02-15 13:50:00,37
17231,2010-12-13 14:16:00,2011-01-19 17:17:00,37
17557,2011-09-19 14:23:00,2011-10-26 15:43:00,37
17611,2010-12-13 13:52:00,2011-01-19 15:20:00,37
17932,2011-05-12 13:58:00,2011-06-19 10:39:00,37
12417,2010-12-17 11:51:00,2011-01-25 09:11:00,38
12500,2011-01-10 09:48:00,2011-02-17 12:23:00,38
12557,2010-12-03 12:20:00,2011-01-11 11:39:00,38
12691,2010-12-17 14:46:00,2011-01-24 15:32:00,38
12708,2010-12-06 10:43:00,2011-01-14 09:23:00,38
12872,2010-12-09 14:44:00,2011-01-17 10:52:00,38
13507,2011-07-17 11:50:00,2011-08-24 15:12:00,38
13982,2010-12-09 13:57:00,2011-01-17 13:08:00,38
14258,2011-01-06 12:18:00,2011-02-14 11:57:00,38
14334,2010-12-16 17:37:00,2011-01-24 11:35:00,38
14352,2011-03-11 14:58:00,2011-04-19 08:17:00,38
14532,2010-12-22 13:48:00,2011-01-30 10:27:00,38
14918,2011-07-08 12:50:00,2011-08-16 11:50:00,38
15527,2010-12-20 14:15:00,2011-01-28 12:07:00,38
15596,2010-12-09 16:10:00,2011-01-17 13:30:00,38
16249,2011-04-14 13:50:00,2011-05-22 14:09:00,38
17886,2011-04-04 12:34:00,2011-05-13 10:22:00,38
17890,2010-12-13 15:12:00,2011-01-21 11:19:00,38
18030,2011-10-28 13:55:00,2011-12-05 16:37:00,38
18205,2011-09-26 12:02:00,2011-11-03 13:22:00,38
12348,2010-12-16 19:09:00,2011-01-25 10:42:00,39
12377,2010-12-20 09:37:00,2011-01-28 15:45:00,39
12710,2011-05-22 14:05:00,2011-07-01 13:22:00,39
12782,2010-12-17 11:30:00,2011-01-26 10:02:00,39
13637,2011-04-27 13:06:00,2011-06-05 13:24:00,39
13750,2011-01-07 11:49:00,2011-02-16 09:08:00,39
13933,2011-07-14 13:35:00,2011-08-22 14:03:00,39
13999,2010-12-13 11:23:00,2011-01-21 13:05:00,39
14005,2011-05-08 10:33:00,2011-06-17 08:09:00,39
14019,2011-07-24 15:39:00,2011-09-02 12:51:00,39
14163,2011-04-14 17:33:00,2011-05-24 15:06:00,39
14178,2011-06-10 12:51:00,2011-07-19 13:01:00,39
14227,2011-02-28 12:27:00,2011-04-08 14:12:00,39
14265,2011-07-14 09:10:00,2011-08-22 13:32:00,39
14891,2011-06-05 10:58:00,2011-07-14 18:08:00,39
15172,2011-04-17 11:56:00,2011-05-27 09:48:00,39
15782,2011-09-11 14:29:00,2011-10-21 09:23:00,39
16438,2011-09-18 13:31:00,2011-10-27 19:56:00,39
17001,2010-12-16 09:35:00,2011-01-24 15:59:00,39
17695,2011-06-21 12:35:00,2011-07-31 10:40:00,39
17705,2011-02-11 10:57:00,2011-03-23 08:22:00,39
17799,2010-12-13 13:10:00,2011-01-21 15:56:00,39
17888,2010-12-17 13:56:00,2011-01-26 12:45:00,39
18037,2010-12-12 16:20:00,2011-01-21 15:45:00,39
12523,2011-01-12 09:43:00,2011-02-21 14:58:00,40
12526,2011-09-06 14:19:00,2011-10-17 09:37:00,40
12826,2010-12-09 15:21:00,2011-01-19 12:52:00,40
12999,2011-04-08 10:26:00,2011-05-18 16:37:00,40
13505,2011-04-21 12:07:00,2011-05-31 15:41:00,40
13538,2011-01-28 10:40:00,2011-03-10 07:42:00,40
13549,2011-04-11 13:42:00,2011-05-22 13:29:00,40
13630,2011-02-27 12:49:00,2011-04-08 15:49:00,40
13791,2011-06-24 16:38:00,2011-08-04 11:44:00,40
13816,2011-10-06 14:37:00,2011-11-16 08:38:00,40
13983,2010-12-08 10:38:00,2011-01-17 14:51:00,40
13984,2010-12-08 15:58:00,2011-01-18 13:40:00,40
14176,2010-12-07 11:45:00,2011-01-17 11:28:00,40
14251,2011-10-13 12:46:00,2011-11-22 14:10:00,40
14662,2011-01-27 17:41:00,2011-03-09 12:21:00,40
14895,2011-02-22 13:08:00,2011-04-04 12:05:00,40
15057,2011-01-28 09:09:00,2011-03-09 15:17:00,40
15108,2011-04-26 10:54:00,2011-06-05 12:51:00,40
15706,2011-08-15 14:32:00,2011-09-25 12:45:00,40
16059,2010-12-07 10:36:00,2011-01-16 15:44:00,40
16156,2011-02-02 12:02:00,2011-03-15 09:32:00,40
16320,2011-05-10 15:31:00,2011-06-20 15:25:00,40
17058,2011-04-14 09:18:00,2011-05-24 13:50:00,40
17097,2010-12-09 14:55:00,2011-01-19 13:32:00,40
18154,2011-10-27 10:40:00,2011-12-06 16:41:00,40
18173,2011-03-10 11:56:00,2011-04-19 15:20:00,40
12502,2011-02-03 10:41:00,2011-03-16 13:29:00,41
12704,2011-06-23 10:20:00,2011-08-04 10:00:00,41
12726,2010-12-17 12:56:00,2011-01-28 10:45:00,41
12778,2011-01-31 14:35:00,2011-03-14 08:37:00,41
12888,2011-03-29 14:31:00,2011-05-09 16:02:00,41
13155,2010-12-06 12:44:00,2011-01-17 11:21:00,41
13362,2011-02-25 11:33:00,2011-04-08 08:21:00,41
13566,2011-09-18 12:40:00,2011-10-30 11:59:00,41
13610,2011-02-27 14:44:00,2011-04-10 14:27:00,41
13743,2011-03-25 14:46:00,2011-05-06 14:32:00,41
13769,2010-12-07 13:28:00,2011-01-17 14:18:00,41
13812,2011-08-26 12:54:00,2011-10-06 14:37:00,41
13862,2011-01-11 15:13:00,2011-02-22 10:00:00,41
13993,2011-01-13 10:43:00,2011-02-23 12:25:00,41
14194,2011-02-04 14:51:00,2011-03-18 12:55:00,41
14229,2011-01-10 12:03:00,2011-02-21 09:45:00,41
14404,2010-12-05 16:00:00,2011-01-16 15:38:00,41
14511,2011-07-29 12:13:00,2011-09-08 13:26:00,41
14560,2010-12-17 09:22:00,2011-01-27 12:13:00,41
14709,2010-12-16 13:43:00,2011-01-27 12:19:00,41
15220,2011-03-04 10:24:00,2011-04-14 17:29:00,41
15829,2011-07-22 10:23:00,2011-09-01 16:45:00,41
16379,2011-09-22 09:33:00,2011-11-02 14:04:00,41
16394,2011-02-23 10:58:00,2011-04-05 14:51:00,41
16434,2011-02-13 12:17:00,2011-03-27 11:51:00,41
16531,2010-12-14 13:19:00,2011-01-25 13:04:00,41
16570,2011-02-01 10:37:00,2011-03-14 15:41:00,41
16984,2011-08-01 17:37:00,2011-09-12 13:43:00,41
17265,2011-06-12 12:00:00,2011-07-24 10:49:00,41
17425,2011-10-10 11:37:00,2011-11-20 15:30:00,41
17491,2010-12-07 12:18:00,2011-01-18 11:30:00,41
17579,2011-06-13 14:12:00,2011-07-25 09:50:00,41
17621,2010-12-20 13:31:00,2011-01-31 13:07:00,41
17722,2010-12-08 12:41:00,2011-01-19 11:50:00,41
17758,2011-04-03 15:22:00,2011-05-15 15:13:00,41
17854,2011-04-26 16:53:00,2011-06-07 16:21:00,41
18075,2010-12-14 10:48:00,2011-01-25 10:20:00,41
18078,2011-03-25 15:08:00,2011-05-06 14:32:00,41
18217,2011-09-30 10:44:00,2011-11-10 13:18:00,41
18241,2011-05-06 09:22:00,2011-06-16 11:51:00,41
12492,2011-08-26 14:51:00,2011-10-07 15:15:00,42
12524,2011-01-10 10:35:00,2011-02-21 10:53:00,42
12868,2010-12-01 12:50:00,2011-01-12 15:25:00,42
13394,2011-02-03 10:39:00,2011-03-17 18:18:00,42
13575,2011-06-16 14:24:00,2011-07-29 11:28:00,42
13969,2010-12-09 19:32:00,2011-01-21 13:13:00,42
13994,2011-07-14 18:28:00,2011-08-26 11:35:00,42
14156,2010-12-03 11:48:00,2011-01-14 14:11:00,42
15152,2011-06-05 15:36:00,2011-07-18 14:36:00,42
15205,2011-08-04 16:07:00,2011-09-15 19:36:00,42
15344,2011-09-26 14:48:00,2011-11-07 17:08:00,42
16107,2011-06-09 18:42:00,2011-07-22 12:41:00,42
16370,2011-04-28 16:40:00,2011-06-10 11:44:00,42
16906,2011-04-05 12:30:00,2011-05-18 12:15:00,42
16957,2011-03-03 09:25:00,2011-04-14 13:56:00,42
17364,2011-01-12 16:57:00,2011-02-24 11:54:00,42
17702,2011-05-17 16:23:00,2011-06-29 11:41:00,42
17769,2011-01-23 11:15:00,2011-03-06 12:20:00,42
18245,2010-12-19 14:58:00,2011-01-31 11:46:00,42
12572,2011-10-19 08:20:00,2011-12-01 09:20:00,43
12668,2010-12-19 12:46:00,2011-01-31 13:27:00,43
12843,2011-03-20 14:38:00,2011-05-03 11:44:00,43
13198,2010-12-13 09:29:00,2011-01-25 13:26:00,43
13297,2011-10-03 15:08:00,2011-11-16 09:27:00,43
13875,2011-02-11 15:39:00,2011-03-27 11:14:00,43
14245,2011-03-21 10:41:00,2011-05-04 08:40:00,43
14629,2011-10-23 16:13:00,2011-12-05 16:55:00,43
15023,2010-12-05 13:49:00,2011-01-18 13:38:00,43
15187,2011-05-11 13:49:00,2011-06-24 09:38:00,43
15201,2011-04-06 14:02:00,2011-05-19 16:09:00,43
15416,2011-03-02 08:41:00,2011-04-14 10:54:00,43
15462,2011-06-05 15:36:00,2011-07-19 11:56:00,43
15777,2010-12-13 16:38:00,2011-01-26 10:49:00,43
16091,2011-05-25 09:18:00,2011-07-08 08:45:00,43
16308,2011-03-23 14:46:00,2011-05-06 13:03:00,43
16674,2011-09-02 13:59:00,2011-10-16 11:31:00,43
16875,2011-01-04 10:37:00,2011-02-16 12:59:00,43
16900,2011-10-07 13:17:00,2011-11-20 12:13:00,43
17091,2010-12-07 09:55:00,2011-01-19 10:49:00,43
18005,2011-10-23 14:40:00,2011-12-06 11:51:00,43
18061,2010-12-08 13:03:00,2011-01-21 10:35:00,43
18085,2010-12-01 12:08:00,2011-01-13 15:17:00,43
12646,2011-10-21 12:52:00,2011-12-05 10:14:00,44
12779,2010-12-03 13:40:00,2011-01-17 10:37:00,44
12895,2011-09-14 08:35:00,2011-10-28 13:51:00,44
12910,2011-04-12 10:01:00,2011-05-26 10:12:00,44
13139,2011-03-25 11:57:00,2011-05-08 16:03:00,44
13230,2010-12-09 19:28:00,2011-01-23 13:33:00,44
13397,2011-01-04 13:50:00,2011-02-18 12:13:00,44
13499,2011-03-15 08:52:00,2011-04-28 14:59:00,44
13814,2011-07-25 13:54:00,2011-09-08 13:48:00,44
13869,2010-12-17 15:14:00,2011-01-30 15:54:00,44
14021,2011-03-28 15:10:00,2011-05-12 13:37:00,44
14359,2011-09-13 09:03:00,2011-10-28 08:58:00,44
14401,2010-12-15 09:07:00,2011-01-28 15:53:00,44
14512,2011-04-21 19:05:00,2011-06-05 12:39:00,44
14657,2011-01-17 15:19:00,2011-03-02 16:17:00,44
14898,2010-12-03 15:25:00,2011-01-17 13:59:00,44
15133,2011-02-11 10:38:00,2011-03-27 10:56:00,44
15571,2011-09-22 13:15:00,2011-11-06 11:32:00,44
15618,2011-07-26 10:13:00,2011-09-08 12:56:00,44
16045,2011-02-22 14:55:00,2011-04-08 10:32:00,44
16493,2011-01-14 08:16:00,2011-02-27 15:42:00,44
16716,2011-02-01 15:35:00,2011-03-18 10:03:00,44
16816,2010-12-16 17:01:00,2011-01-30 15:40:00,44
17006,2011-09-25 12:15:00,2011-11-08 17:42:00,44
17236,2010-12-12 11:49:00,2011-01-25 12:52:00,44
17330,2011-10-03 11:26:00,2011-11-17 08:56:00,44
17398,2011-03-29 13:04:00,2011-05-13 12:41:00,44
17505,2011-05-18 09:01:00,2011-07-01 12:50:00,44
12794,2011-09-02 12:01:00,2011-10-17 14:54:00,45
13813,2011-07-28 10:33:00,2011-09-11 13:38:00,45
14543,2010-12-10 11:51:00,2011-01-25 11:41:00,45
15088,2011-10-03 14:05:00,2011-11-18 13:14:00,45
15281,2011-01-10 15:51:00,2011-02-25 12:37:00,45
15763,2011-09-23 12:10:00,2011-11-08 09:44:00,45
16985,2010-12-16 10:38:00,2011-01-30 12:09:00,45
17550,2011-04-10 15:19:00,2011-05-26 14:01:00,45
17580,2010-12-16 15:27:00,2011-01-31 14:07:00,45
12949,2011-04-01 13:20:00,2011-05-17 13:27:00,46
13263,2011-01-18 16:31:00,2011-03-06 12:46:00,46
13524,2011-05-04 12:26:00,2011-06-19 15:56:00,46
14110,2011-03-18 09:59:00,2011-05-03 13:39:00,46
14546,2011-04-05 12:37:00,2011-05-22 11:41:00,46
14744,2010-12-08 10:21:00,2011-01-24 09:28:00,46
15492,2011-09-26 14:02:00,2011-11-11 14:53:00,46
15547,2010-12-12 13:26:00,2011-01-28 12:21:00,46
15738,2010-12-02 12:50:00,2011-01-17 15:42:00,46
15809,2011-02-10 11:16:00,2011-03-28 15:47:00,46
16217,2011-03-02 15:28:00,2011-04-18 13:31:00,46
16313,2011-10-21 09:04:00,2011-12-06 13:02:00,46
17004,2011-09-08 12:16:00,2011-10-24 14:25:00,46
17229,2011-07-20 12:38:00,2011-09-04 13:56:00,46
17453,2011-10-06 17:02:00,2011-11-22 09:42:00,46
17765,2011-03-28 11:58:00,2011-05-13 12:34:00,46
13520,2010-12-03 10:36:00,2011-01-19 12:14:00,47
13662,2011-03-25 13:23:00,2011-05-11 13:23:00,47
13771,2011-04-06 15:47:00,2011-05-24 12:57:00,47
14696,2010-12-01 15:37:00,2011-01-18 12:09:00,47
14883,2011-05-12 09:49:00,2011-06-29 09:32:00,47
15402,2011-05-27 13:32:00,2011-07-14 12:17:00,47
16523,2011-01-28 12:06:00,2011-03-17 09:57:00,47
17469,2011-05-19 08:55:00,2011-07-05 10:21:00,47
17507,2011-02-03 18:08:00,2011-03-23 11:48:00,47
17591,2010-12-07 15:39:00,2011-01-24 11:50:00,47
17652,2011-03-03 14:05:00,2011-04-20 08:07:00,47
17787,2010-12-03 13:43:00,2011-01-20 12:20:00,47
18183,2011-03-10 10:08:00,2011-04-26 15:26:00,47
12399,2011-03-23 09:42:00,2011-05-10 10:22:00,48
12476,2010-12-13 14:39:00,2011-01-31 11:46:00,48
12728,2011-01-11 13:31:00,2011-02-28 14:42:00,48
12775,2011-02-01 13:45:00,2011-03-22 12:36:00,48
12955,2011-03-17 09:03:00,2011-05-04 17:19:00,48
13324,2010-12-14 09:50:00,2011-01-31 10:13:00,48
13502,2011-01-20 09:03:00,2011-03-10 08:40:00,48
13707,2011-01-28 13:27:00,2011-03-17 18:03:00,48
14077,2011-03-10 15:52:00,2011-04-28 14:04:00,48
14289,2011-02-23 12:33:00,2011-04-12 15:08:00,48
14309,2010-12-16 13:05:00,2011-02-03 09:04:00,48
14440,2010-12-09 12:49:00,2011-01-27 10:30:00,48
14623,2011-04-18 13:54:00,2011-06-06 13:46:00,48
14688,2010-12-01 09:37:00,2011-01-18 09:44:00,48
14700,2011-04-15 13:16:00,2011-06-03 11:59:00,48
15105,2011-07-28 10:09:00,2011-09-14 11:41:00,48
15258,2011-05-06 14:16:00,2011-06-24 12:30:00,48
15287,2011-09-30 12:30:00,2011-11-17 15:34:00,48
15429,2011-09-25 13:42:00,2011-11-13 12:28:00,48
16020,2011-10-05 13:54:00,2011-11-23 11:18:00,48
16110,2011-02-01 14:01:00,2011-03-22 13:54:00,48
16157,2011-09-28 11:48:00,2011-11-16 11:31:00,48
16324,2011-06-15 14:26:00,2011-08-03 12:54:00,48
17048,2011-01-12 16:51:00,2011-03-02 12:03:00,48
17483,2011-06-09 19:40:00,2011-07-28 17:33:00,48
18016,2010-12-10 17:14:00,2011-01-28 15:21:00,48
12347,2010-12-07 14:57:00,2011-01-26 14:30:00,49
12444,2011-06-21 14:00:00,2011-08-10 08:41:00,49
12582,2011-02-24 11:42:00,2011-04-15 08:45:00,49
13016,2011-08-08 15:00:00,2011-09-27 14:07:00,49
13079,2011-07-22 14:41:00,2011-09-09 15:25:00,49
13384,2011-06-14 12:47:00,2011-08-03 09:40:00,49
13718,2011-02-17 11:58:00,2011-04-07 13:24:00,49
13985,2011-03-20 13:48:00,2011-05-09 08:26:00,49
14125,2011-09-22 15:40:00,2011-11-11 12:20:00,49
14307,2010-12-01 11:41:00,2011-01-19 14:43:00,49
14410,2011-02-07 09:36:00,2011-03-28 12:13:00,49
15215,2011-09-04 12:24:00,2011-10-24 11:40:00,49
15624,2011-03-28 13:32:00,2011-05-17 12:44:00,49
15801,2011-08-22 09:53:00,2011-10-10 15:42:00,49
15845,2011-01-06 17:19:00,2011-02-25 10:39:00,49
16258,2011-05-04 14:33:00,2011-06-23 11:01:00,49
16356,2011-03-07 12:31:00,2011-04-26 12:12:00,49
16473,2011-01-07 10:55:00,2011-02-25 13:51:00,49
16686,2010-12-19 14:41:00,2011-02-07 11:56:00,49
16700,2010-12-08 16:34:00,2011-01-27 12:19:00,49
16983,2010-12-05 12:34:00,2011-01-23 15:34:00,49
17214,2010-12-15 15:14:00,2011-02-03 14:41:00,49
17375,2010-12-13 15:16:00,2011-01-31 16:02:00,49
17737,2011-10-12 14:42:00,2011-11-30 15:16:00,49
18230,2011-02-10 13:06:00,2011-04-01 11:31:00,49
18239,2010-12-02 17:48:00,2011-01-21 15:36:00,49
12676,2011-02-01 15:41:00,2011-03-24 11:40:00,50
12721,2010-12-20 11:38:00,2011-02-09 10:11:00,50
12815,2011-05-25 13:34:00,2011-07-15 10:21:00,50
13960,2011-09-29 12:39:00,2011-11-18 15:27:00,50
14195,2011-04-01 16:50:00,2011-05-22 10:29:00,50
15079,2010-12-09 09:25:00,2011-01-28 13:54:00,50
15128,2011-05-04 12:32:00,2011-06-24 11:39:00,50
16168,2010-12-05 11:38:00,2011-01-24 14:39:00,50
16928,2010-12-01 15:21:00,2011-01-21 13:07:00,50
16999,2011-09-26 15:43:00,2011-11-16 13:53:00,50
17042,2011-04-06 14:53:00,2011-05-27 10:15:00,50
17115,2011-04-20 14:46:00,2011-06-10 08:54:00,50
17515,2011-01-25 14:33:00,2011-03-16 15:19:00,50
17735,2010-12-07 10:32:00,2011-01-26 12:36:00,50
12472,2010-12-05 14:19:00,2011-01-26 12:27:00,51
12731,2010-12-10 10:56:00,2011-01-31 09:57:00,51
12924,2011-01-16 11:49:00,2011-03-09 09:50:00,51
13148,2010-12-10 13:06:00,2011-01-30 13:48:00,51
13200,2011-08-05 14:50:00,2011-09-26 14:00:00,51
13592,2011-03-20 14:01:00,2011-05-10 15:48:00,51
15144,2011-01-31 13:17:00,2011-03-24 11:43:00,51
15315,2011-08-15 15:17:00,2011-10-06 12:51:00,51
16357,2011-05-10 10:35:00,2011-06-30 16:51:00,51
17183,2011-08-26 15:25:00,2011-10-16 15:32:00,51
17220,2010-12-10 14:54:00,2011-01-31 11:42:00,51
17392,2010-12-16 19:04:00,2011-02-06 12:48:00,51
13174,2010-12-05 16:24:00,2011-01-27 15:36:00,52
13323,2011-09-16 13:23:00,2011-11-07 16:00:00,52
13492,2011-05-09 10:06:00,2011-07-01 08:55:00,52
14976,2011-01-17 11:09:00,2011-03-10 12:42:00,52
15747,2011-06-20 11:30:00,2011-08-11 14:04:00,52
16945,2010-12-16 17:49:00,2011-02-07 15:04:00,52
16989,2011-07-12 09:11:00,2011-09-02 13:55:00,52
17358,2010-12-19 14:16:00,2011-02-09 16:57:00,52
17663,2011-02-25 14:11:00,2011-04-19 10:49:00,52
18261,2011-09-05 09:34:00,2011-10-27 15:36:00,52
13506,2010-12-05 12:15:00,2011-01-27 13:53:00,53
13988,2011-03-30 11:48:00,2011-05-23 09:43:00,53
14127,2011-02-02 12:26:00,2011-03-28 12:25:00,53
15433,2011-03-17 14:12:00,2011-05-10 10:45:00,53
15573,2011-09-15 12:16:00,2011-11-08 11:38:00,53
15611,2011-01-09 11:32:00,2011-03-03 18:46:00,53
15737,2011-04-11 10:01:00,2011-06-03 14:33:00,53
16240,2011-09-23 13:44:00,2011-11-15 14:30:00,53
16327,2010-12-05 12:43:00,2011-01-28 11:58:00,53
16633,2011-04-19 14:36:00,2011-06-12 11:48:00,53
16809,2011-03-22 15:20:00,2011-05-15 12:53:00,53
17293,2010-12-13 14:55:00,2011-02-04 15:54:00,53
17589,2011-04-13 13:47:00,2011-06-05 15:25:00,53
17673,2011-01-23 15:16:00,2011-03-18 11:30:00,53
17692,2010-12-15 13:37:00,2011-02-07 12:22:00,53
18094,2011-02-21 08:50:00,2011-04-15 14:05:00,53
13026,2011-03-09 11:35:00,2011-05-03 10:51:00,54
15218,2011-01-25 11:20:00,2011-03-21 10:54:00,54
15381,2011-03-16 13:44:00,2011-05-10 11:55:00,54
15500,2011-09-19 13:47:00,2011-11-13 13:41:00,54
15522,2011-09-13 12:26:00,2011-11-07 11:26:00,54
15589,2011-02-02 10:46:00,2011-03-29 09:53:00,54
15912,2011-04-20 17:10:00,2011-06-14 14:29:00,54
15949,2011-09-29 17:34:00,2011-11-23 09:09:00,54
15976,2011-05-03 17:12:00,2011-06-27 13:00:00,54
16037,2010-12-16 10:18:00,2011-02-08 12:14:00,54
16561,2011-10-11 09:53:00,2011-12-04 11:50:00,54
16589,2011-07-01 13:31:00,2011-08-25 10:00:00,54
17929,2011-02-04 11:40:00,2011-03-30 12:35:00,54
18236,2011-04-13 09:52:00,2011-06-06 14:13:00,54
12693,2011-01-24 12:58:00,2011-03-20 13:59:00,55
13137,2011-02-04 11:54:00,2011-04-01 11:34:00,55
13563,2011-07-22 17:21:00,2011-09-16 14:45:00,55
13728,2011-02-02 12:09:00,2011-03-30 12:05:00,55
14284,2011-09-14 13:04:00,2011-11-09 08:11:00,55
14329,2011-01-14 13:42:00,2011-03-11 12:17:00,55
14572,2011-01-19 17:23:00,2011-03-16 16:38:00,55
14732,2011-01-04 14:40:00,2011-03-01 11:55:00,55
15103,2011-09-14 13:54:00,2011-11-08 14:53:00,55
15306,2011-07-14 15:22:00,2011-09-08 12:47:00,55
15625,2011-04-18 14:01:00,2011-06-13 12:05:00,55
16283,2011-05-15 13:37:00,2011-07-10 12:17:00,55
16458,2010-12-14 11:51:00,2011-02-08 10:47:00,55
16653,2011-09-29 13:38:00,2011-11-23 14:51:00,55
16711,2010-12-17 12:43:00,2011-02-10 14:46:00,55
16807,2011-03-14 09:46:00,2011-05-08 11:34:00,55
17774,2011-02-07 13:13:00,2011-04-04 12:55:00,55
17779,2011-07-19 12:19:00,2011-09-13 11:24:00,55
17788,2011-08-02 10:38:00,2011-09-27 10:09:00,55
18008,2011-01-25 12:26:00,2011-03-21 15:07:00,55
18178,2010-12-10 12:42:00,2011-02-03 14:08:00,55
12640,2011-09-19 12:01:00,2011-11-15 08:43:00,56
12936,2011-09-22 13:51:00,2011-11-18 10:37:00,56
13147,2011-09-01 12:28:00,2011-10-27 16:35:00,56
13802,2011-02-01 12:03:00,2011-03-30 10:54:00,56
14114,2011-01-13 11:05:00,2011-03-11 09:42:00,56
14231,2011-02-24 11:55:00,2011-04-21 18:10:00,56
14336,2011-03-08 16:48:00,2011-05-04 15:37:00,56
14465,2011-02-10 12:13:00,2011-04-07 12:29:00,56
15114,2011-02-11 08:45:00,2011-04-08 09:15:00,56
15399,2011-09-21 15:57:00,2011-11-17 15:04:00,56
15622,2011-03-02 13:42:00,2011-04-28 13:35:00,56
15838,2010-12-07 11:26:00,2011-02-02 07:58:00,56
16092,2011-03-30 15:38:00,2011-05-26 15:30:00,56
16474,2011-07-17 14:51:00,2011-09-11 16:06:00,56
16767,2011-01-27 13:38:00,2011-03-24 15:02:00,56
16877,2011-05-15 16:13:00,2011-07-10 16:18:00,56
17071,2011-02-03 08:18:00,2011-03-31 13:49:00,56
17119,2011-10-11 11:03:00,2011-12-06 14:40:00,56
17163,2011-09-22 15:54:00,2011-11-18 08:57:00,56
17642,2011-06-16 12:55:00,2011-08-12 09:11:00,56
12449,2011-06-05 15:37:00,2011-08-02 09:14:00,57
12642,2011-08-24 09:23:00,2011-10-20 12:31:00,57
13157,2011-02-14 14:03:00,2011-04-12 14:04:00,57
13717,2011-02-14 13:21:00,2011-04-13 09:39:00,57
13951,2011-02-18 15:21:00,2011-04-17 13:20:00,57
14640,2011-04-26 12:31:00,2011-06-22 15:41:00,57
15106,2011-03-15 12:52:00,2011-05-12 08:41:00,57
15981,2011-02-01 13:50:00,2011-03-30 15:06:00,57
16943,2011-01-25 14:00:00,2011-03-23 15:19:00,57
16969,2011-06-01 12:10:00,2011-07-28 13:54:00,57
17481,2011-09-07 09:57:00,2011-11-03 16:37:00,57
17644,2011-03-24 09:44:00,2011-05-20 13:14:00,57
17648,2011-04-04 10:29:00,2011-05-31 11:21:00,57
12700,2011-05-08 16:10:00,2011-07-06 13:14:00,58
12753,2010-12-12 11:44:00,2011-02-09 11:21:00,58
13272,2011-09-11 12:06:00,2011-11-08 14:00:00,58
13282,2011-05-03 12:03:00,2011-06-30 13:17:00,58
13735,2011-04-19 13:49:00,2011-06-17 11:07:00,58
14145,2011-05-06 13:01:00,2011-07-04 12:58:00,58
14226,2011-03-15 15:36:00,2011-05-13 14:16:00,58
14443,2010-12-06 11:03:00,2011-02-02 15:09:00,58
14740,2011-03-01 08:35:00,2011-04-28 10:03:00,58
14947,2011-08-01 09:31:00,2011-09-28 15:48:00,58
14952,2010-12-10 12:48:00,2011-02-07 09:50:00,58
15214,2011-04-11 09:46:00,2011-06-09 09:44:00,58
15411,2011-06-10 12:30:00,2011-08-07 12:54:00,58
17024,2011-07-05 09:31:00,2011-09-01 15:21:00,58
17223,2010-12-06 14:08:00,2011-02-02 15:57:00,58
17724,2011-07-24 13:26:00,2011-09-20 14:50:00,58
17863,2010-12-05 13:21:00,2011-02-02 10:22:00,58
18142,2011-05-08 12:31:00,2011-07-05 13:19:00,58
18149,2011-03-11 12:44:00,2011-05-08 12:48:00,58
12719,2011-10-05 14:50:00,2011-12-04 13:45:00,59
13294,2011-04-04 12:37:00,2011-06-03 08:54:00,59
13552,2011-01-28 10:10:00,2011-03-28 10:25:00,59
13647,2011-04-19 09:49:00,2011-06-17 13:17:00,59
13835,2011-05-08 15:22:00,2011-07-07 15:16:00,59
15755,2011-02-18 11:53:00,2011-04-18 14:01:00,59
15938,2011-01-20 10:11:00,2011-03-20 10:53:00,59
16209,2011-04-07 12:23:00,2011-06-06 11:36:00,59
17321,2011-10-03 11:34:00,2011-12-01 13:41:00,59
17337,2011-02-02 17:06:00,2011-04-03 15:07:00,59
18225,2010-12-09 15:46:00,2011-02-07 14:33:00,59
12381,2011-08-12 09:57:00,2011-10-11 15:45:00,60
12461,2011-07-08 10:23:00,2011-09-06 16:57:00,60
12885,2011-08-08 11:45:00,2011-10-07 13:34:00,60
13631,2011-03-17 17:13:00,2011-05-17 16:21:00,60
13650,2011-03-17 12:37:00,2011-05-16 14:19:00,60
13975,2011-03-08 12:19:00,2011-05-08 11:41:00,60
14958,2011-04-08 11:28:00,2011-06-07 16:16:00,60
15608,2011-08-11 09:56:00,2011-10-10 13:30:00,60
17164,2011-03-11 14:26:00,2011-05-11 09:28:00,60
17454,2010-12-15 10:54:00,2011-02-13 13:22:00,60
17588,2011-04-21 10:31:00,2011-06-20 16:19:00,60
17634,2011-01-06 12:45:00,2011-03-07 13:10:00,60
17777,2011-08-31 14:35:00,2011-10-31 13:05:00,60
12423,2010-12-21 10:54:00,2011-02-21 09:52:00,61
12867,2010-12-14 16:39:00,2011-02-14 15:37:00,61
13726,2011-08-31 11:06:00,2011-11-01 10:49:00,61
13908,2011-03-08 12:04:00,2011-05-09 10:24:00,61
14496,2010-12-01 15:35:00,2011-02-01 09:01:00,61
15759,2010-12-16 15:29:00,2011-02-16 11:58:00,61
16464,2011-07-20 13:53:00,2011-09-20 13:42:00,61
16621,2011-03-07 11:32:00,2011-05-08 10:43:00,61
17049,2011-03-09 08:33:00,2011-05-09 09:15:00,61
17655,2010-12-08 16:45:00,2011-02-08 13:39:00,61
17666,2011-10-05 11:06:00,2011-12-06 09:06:00,61
17800,2011-01-09 13:50:00,2011-03-11 14:06:00,61
18150,2011-05-22 10:47:00,2011-07-22 15:43:00,61
12477,2011-02-11 12:45:00,2011-04-14 13:59:00,62
13435,2011-06-03 17:07:00,2011-08-05 11:49:00,62
13591,2011-03-18 12:18:00,2011-05-19 13:58:00,62
13901,2011-01-25 09:01:00,2011-03-28 14:33:00,62
13919,2011-08-10 10:15:00,2011-10-11 14:24:00,62
14138,2011-10-07 09:38:00,2011-12-08 12:44:00,62
15132,2011-03-22 12:02:00,2011-05-24 08:53:00,62
15398,2011-09-22 14:56:00,2011-11-23 16:47:00,62
15648,2011-03-17 18:59:00,2011-05-19 15:53:00,62
16066,2011-08-07 14:33:00,2011-10-09 11:53:00,62
16242,2011-03-07 17:04:00,2011-05-09 15:17:00,62
16949,2011-01-27 12:11:00,2011-03-30 12:24:00,62
17374,2011-03-03 12:53:00,2011-05-05 09:05:00,62
17630,2011-04-21 14:03:00,2011-06-23 11:58:00,62
18147,2011-08-23 12:22:00,2011-10-25 11:46:00,62
12517,2011-06-02 15:13:00,2011-08-05 15:02:00,63
12598,2011-02-28 11:58:00,2011-05-03 08:40:00,63
12916,2011-01-23 10:43:00,2011-03-27 10:54:00,63
13003,2011-05-09 08:23:00,2011-07-11 13:06:00,63
13285,2011-02-22 17:13:00,2011-04-27 13:03:00,63
13350,2011-09-21 13:33:00,2011-11-23 16:33:00,63
14038,2011-05-16 14:05:00,2011-07-18 15:15:00,63
14293,2010-12-06 10:18:00,2011-02-07 15:47:00,63
14466,2010-12-02 13:36:00,2011-02-04 09:56:00,63
14631,2011-02-14 09:31:00,2011-04-18 16:49:00,63
14765,2011-06-16 19:49:00,2011-08-19 15:06:00,63
15065,2011-02-21 12:54:00,2011-04-26 11:34:00,63
15656,2011-02-28 15:32:00,2011-05-03 12:17:00,63
15658,2010-12-02 10:53:00,2011-02-03 12:12:00,63
15812,2011-01-26 12:12:00,2011-03-30 14:39:00,63
16618,2011-01-21 11:55:00,2011-03-25 15:18:00,63
16948,2011-01-18 10:58:00,2011-03-23 08:26:00,63
17126,2010-12-12 11:26:00,2011-02-13 12:05:00,63
17272,2011-03-22 12:05:00,2011-05-24 13:46:00,63
17409,2011-04-05 16:42:00,2011-06-08 10:36:00,63
18248,2011-06-06 13:18:00,2011-08-09 10:19:00,63
12662,2010-12-01 13:04:00,2011-02-03 13:58:00,64
12883,2011-09-11 15:18:00,2011-11-15 09:30:00,64
13248,2011-06-03 13:05:00,2011-08-07 12:40:00,64
13481,2011-03-28 09:07:00,2011-05-31 15:26:00,64
13590,2011-02-09 13:25:00,2011-04-14 16:31:00,64
14291,2011-03-09 15:20:00,2011-05-13 10:02:00,64
14844,2011-04-12 13:10:00,2011-06-16 09:28:00,64
14970,2011-01-27 12:23:00,2011-04-01 13:33:00,64
15810,2011-02-16 09:11:00,2011-04-21 19:51:00,64
16119,2011-09-28 10:15:00,2011-12-01 15:11:00,64
16201,2011-08-22 10:47:00,2011-10-25 15:07:00,64
16515,2011-02-01 13:09:00,2011-04-07 11:12:00,64
12635,2011-07-08 08:43:00,2011-09-11 11:04:00,65
12832,2011-09-02 13:48:00,2011-11-07 13:30:00,65
13023,2011-08-02 09:34:00,2011-10-06 16:27:00,65
13178,2010-12-14 12:22:00,2011-02-17 12:55:00,65
13451,2011-01-09 15:35:00,2011-03-15 15:37:00,65
14878,2010-12-16 12:11:00,2011-02-20 12:01:00,65
15561,2011-05-08 11:38:00,2011-07-13 11:17:00,65
16172,2011-04-12 12:02:00,2011-06-17 11:38:00,65
16556,2010-12-14 13:32:00,2011-02-17 14:49:00,65
17035,2011-02-01 12:27:00,2011-04-08 11:23:00,65
12913,2010-12-06 16:36:00,2011-02-11 13:54:00,66
13946,2011-03-17 10:02:00,2011-05-22 12:03:00,66
15714,2011-09-23 11:25:00,2011-11-28 11:26:00,66
15952,2011-04-28 12:55:00,2011-07-03 13:33:00,66
16456,2010-12-01 14:11:00,2011-02-06 11:29:00,66
16726,2010-12-13 13:28:00,2011-02-18 13:26:00,66
17090,2010-12-20 13:52:00,2011-02-24 16:35:00,66
17861,2011-01-24 11:34:00,2011-03-31 15:02:00,66
18122,2011-07-12 11:37:00,2011-09-16 12:34:00,66
18161,2011-01-24 11:56:00,2011-04-01 08:22:00,66
13430,2011-09-14 14:26:00,2011-11-21 08:19:00,67
13617,2011-06-12 12:55:00,2011-08-18 13:17:00,67
14081,2010-12-05 15:47:00,2011-02-10 16:17:00,67
14167,2011-01-12 15:44:00,2011-03-21 15:33:00,67
14508,2011-09-11 11:29:00,2011-11-17 19:48:00,67
15095,2011-05-20 14:27:00,2011-07-27 11:58:00,67
15179,2011-01-24 13:48:00,2011-04-01 14:19:00,67
15839,2011-07-14 16:35:00,2011-09-20 12:12:00,67
15903,2011-02-17 14:04:00,2011-04-26 11:51:00,67
17530,2010-12-09 20:01:00,2011-02-15 17:02:00,67
17700,2011-03-03 16:34:00,2011-05-10 13:00:00,67
12480,2011-01-07 15:27:00,2011-03-17 13:23:00,68
12744,2011-01-25 13:26:00,2011-04-04 13:03:00,68
13082,2011-01-05 15:42:00,2011-03-15 08:18:00,68
13208,2011-02-03 19:32:00,2011-04-13 12:57:00,68
13379,2011-07-26 12:26:00,2011-10-02 15:18:00,68
13539,2011-02-03 15:23:00,2011-04-13 13:45:00,68
13606,2011-02-01 11:42:00,2011-04-10 12:52:00,68
13824,2011-02-02 13:07:00,2011-04-12 08:42:00,68
13848,2010-12-08 15:10:00,2011-02-15 10:17:00,68
13991,2011-07-19 12:58:00,2011-09-25 13:47:00,68
14107,2010-12-10 13:29:00,2011-02-16 16:31:00,68
15092,2011-03-01 12:24:00,2011-05-08 14:10:00,68
15239,2011-09-22 09:53:00,2011-11-29 14:14:00,68
15786,2011-08-17 13:33:00,2011-10-24 14:10:00,68
16791,2011-01-11 15:42:00,2011-03-21 14:18:00,68
17152,2011-03-21 16:20:00,2011-05-29 12:16:00,68
17466,2011-09-22 09:16:00,2011-11-29 13:15:00,68
12362,2011-02-17 10:30:00,2011-04-28 09:12:00,69
12937,2011-03-17 14:19:00,2011-05-26 14:17:00,69
13136,2011-05-11 12:47:00,2011-07-20 12:00:00,69
13301,2011-02-20 13:13:00,2011-05-01 11:55:00,69
13954,2011-09-30 10:52:00,2011-12-08 12:50:00,69
14639,2010-12-13 13:50:00,2011-02-21 13:21:00,69
14719,2011-04-04 14:17:00,2011-06-13 12:52:00,69
15469,2011-08-11 16:54:00,2011-10-20 16:21:00,69
16189,2011-09-15 15:21:00,2011-11-24 11:47:00,69
16444,2011-03-20 12:14:00,2011-05-29 11:03:00,69
17107,2011-03-06 15:17:00,2011-05-15 12:21:00,69
17252,2011-06-06 16:41:00,2011-08-15 09:45:00,69
17442,2011-02-22 13:02:00,2011-05-03 12:35:00,69
12925,2011-09-26 11:05:00,2011-12-05 11:11:00,70
13880,2010-12-07 14:00:00,2011-02-16 08:15:00,70
13900,2011-03-22 10:13:00,2011-05-31 12:11:00,70
14108,2011-08-30 11:32:00,2011-11-09 10:41:00,70
14377,2011-03-22 13:38:00,2011-06-01 13:32:00,70
14495,2011-08-10 14:13:00,2011-10-20 12:28:00,70
14841,2010-12-16 10:28:00,2011-02-24 10:50:00,70
15116,2011-05-19 08:50:00,2011-07-28 09:48:00,70
15240,2011-02-01 08:23:00,2011-04-12 10:30:00,70
15544,2010-12-02 12:47:00,2011-02-11 10:15:00,70
15835,2011-01-13 10:35:00,2011-03-24 13:59:00,70
16668,2011-02-28 12:46:00,2011-05-09 16:35:00,70
17088,2011-03-31 09:48:00,2011-06-10 09:23:00,70
17362,2011-02-03 10:26:00,2011-04-14 14:43:00,70
17736,2011-08-18 14:33:00,2011-10-28 09:00:00,70
17926,2011-05-20 09:24:00,2011-07-29 14:39:00,70
18167,2011-08-26 11:40:00,2011-11-04 13:51:00,70
18218,2011-03-03 12:24:00,2011-05-12 12:53:00,70
12624,2011-06-15 12:34:00,2011-08-25 15:04:00,71
13083,2011-09-25 10:46:00,2011-12-05 15:01:00,71
13593,2011-01-07 16:32:00,2011-03-20 10:13:00,71
14006,2011-01-31 15:11:00,2011-04-12 16:17:00,71
14020,2011-09-12 15:32:00,2011-11-23 09:22:00,71
14112,2011-03-09 11:28:00,2011-05-20 10:35:00,71
14407,2011-03-08 11:59:00,2011-05-18 12:28:00,71
14868,2011-04-20 13:36:00,2011-07-01 10:39:00,71
14998,2011-04-12 16:28:00,2011-06-22 17:30:00,71
15743,2011-06-08 10:14:00,2011-08-18 12:43:00,71
16043,2011-01-26 11:14:00,2011-04-07 11:47:00,71
16801,2011-03-11 13:56:00,2011-05-22 12:12:00,71
17704,2011-04-14 09:28:00,2011-06-24 09:40:00,71
12891,2011-02-20 11:28:00,2011-05-03 11:33:00,72
13005,2011-04-07 13:32:00,2011-06-19 10:53:00,72
13823,2011-09-09 10:42:00,2011-11-21 10:22:00,72
14209,2011-01-11 12:56:00,2011-03-25 10:08:00,72
14794,2011-01-09 16:11:00,2011-03-23 15:40:00,72
15033,2011-01-14 13:28:00,2011-03-28 12:22:00,72
15199,2011-02-04 14:04:00,2011-04-18 12:45:00,72
15440,2011-05-15 11:30:00,2011-07-26 14:27:00,72
17242,2011-06-12 13:04:00,2011-08-23 14:55:00,72
17299,2011-06-19 16:04:00,2011-08-31 14:22:00,72
17924,2010-12-01 10:51:00,2011-02-11 11:38:00,72
13183,2011-01-09 10:50:00,2011-03-24 10:37:00,73
13517,2011-06-13 08:44:00,2011-08-25 11:40:00,73
14342,2011-05-13 13:50:00,2011-07-25 14:35:00,73
14567,2011-08-01 13:48:00,2011-10-14 10:21:00,73
14676,2011-03-01 14:26:00,2011-05-13 16:57:00,73
14937,2011-08-01 14:16:00,2011-10-14 12:28:00,73
15245,2011-03-23 13:42:00,2011-06-05 13:29:00,73
16057,2011-02-28 10:35:00,2011-05-12 13:05:00,73
16076,2011-05-15 12:31:00,2011-07-28 12:28:00,73
16841,2011-02-25 12:40:00,2011-05-10 10:20:00,73
14050,2011-08-25 13:46:00,2011-11-08 10:00:00,74
14738,2011-01-27 14:10:00,2011-04-12 13:55:00,74
14852,2011-04-01 13:22:00,2011-06-15 08:34:00,74
15062,2010-12-15 15:37:00,2011-02-28 12:19:00,74
15136,2011-09-04 16:05:00,2011-11-17 16:35:00,74
15665,2011-04-10 15:09:00,2011-06-24 14:57:00,74
16023,2011-03-18 13:32:00,2011-05-31 14:19:00,74
16098,2010-12-01 09:45:00,2011-02-14 09:33:00,74
16555,2011-08-22 12:32:00,2011-11-04 14:31:00,74
16833,2011-01-09 13:02:00,2011-03-25 08:52:00,74
16907,2010-12-09 16:52:00,2011-02-22 15:00:00,74
17002,2011-02-22 11:46:00,2011-05-08 11:21:00,74
17180,2011-01-27 18:05:00,2011-04-12 16:17:00,74
18001,2011-09-14 11:21:00,2011-11-27 16:02:00,74
13012,2011-02-18 09:43:00,2011-05-04 10:15:00,75
13941,2010-12-02 10:17:00,2011-02-15 12:12:00,75
14315,2011-03-18 12:59:00,2011-06-01 14:42:00,75
15456,2010-12-15 15:34:00,2011-03-01 13:45:00,75
16409,2011-01-26 14:51:00,2011-04-11 17:12:00,75
17422,2011-02-16 14:44:00,2011-05-03 10:49:00,75
17567,2010-12-02 15:18:00,2011-02-16 10:38:00,75
17585,2011-01-05 15:09:00,2011-03-21 16:32:00,75
12853,2011-01-28 10:28:00,2011-04-14 12:41:00,76
13077,2010-12-08 14:59:00,2011-02-22 16:15:00,76
13305,2010-12-02 12:10:00,2011-02-17 08:58:00,76
13805,2011-08-02 15:29:00,2011-10-18 14:50:00,76
14817,2011-03-07 13:51:00,2011-05-23 13:35:00,76
14905,2011-04-20 10:48:00,2011-07-05 12:41:00,76
15449,2011-03-23 10:43:00,2011-06-07 16:42:00,76
15641,2010-12-15 14:45:00,2011-03-02 13:03:00,76
15805,2010-12-10 09:33:00,2011-02-24 12:09:00,76
16836,2011-08-15 12:38:00,2011-10-31 10:05:00,76
17388,2011-02-25 12:28:00,2011-05-12 13:41:00,76
17449,2010-12-15 10:57:00,2011-03-01 17:32:00,76
17966,2011-03-23 17:25:00,2011-06-08 10:51:00,76
18044,2010-12-14 12:25:00,2011-03-01 10:25:00,76
12473,2011-06-01 10:15:00,2011-08-17 12:04:00,77
12679,2011-03-01 12:26:00,2011-05-18 12:18:00,77
12854,2011-01-25 13:35:00,2011-04-12 14:17:00,77
13953,2010-12-22 10:29:00,2011-03-10 07:43:00,77
14232,2011-03-20 12:44:00,2011-06-06 09:12:00,77
14450,2011-01-23 11:53:00,2011-04-10 12:59:00,77
14500,2011-06-03 10:08:00,2011-08-19 17:02:00,77
15530,2011-04-07 11:16:00,2011-06-23 17:20:00,77
15819,2011-03-08 09:45:00,2011-05-24 14:38:00,77
15858,2010-12-07 14:31:00,2011-02-23 13:21:00,77
15901,2011-07-08 12:18:00,2011-09-23 12:38:00,77
16389,2011-03-01 15:47:00,2011-05-18 13:55:00,77
16882,2011-01-26 17:43:00,2011-04-14 14:36:00,77
17323,2011-02-20 14:38:00,2011-05-08 15:22:00,77
17370,2011-06-23 11:50:00,2011-09-08 14:19:00,77
17405,2011-07-12 14:17:00,2011-09-28 10:27:00,77
17416,2011-03-03 13:45:00,2011-05-20 08:41:00,77
17930,2011-04-14 15:46:00,2011-06-30 18:44:00,77
13930,2011-07-26 11:00:00,2011-10-13 09:45:00,78
14292,2011-03-02 08:26:00,2011-05-19 17:25:00,78
14620,2011-03-01 08:30:00,2011-05-18 11:58:00,78
14776,2011-01-31 13:17:00,2011-04-20 12:32:00,78
16086,2010-12-07 13:45:00,2011-02-24 11:15:00,78
17749,2011-03-28 13:39:00,2011-06-14 15:45:00,78
14524,2010-12-14 11:01:00,2011-03-03 12:41:00,79
16872,2011-06-08 14:32:00,2011-08-26 15:38:00,79
17463,2011-01-30 15:48:00,2011-04-20 12:30:00,79
18146,2011-05-03 16:35:00,2011-07-22 12:08:00,79
18158,2011-09-12 09:03:00,2011-11-30 16:19:00,79
12356,2011-01-18 09:50:00,2011-04-08 12:33:00,80
12816,2011-06-16 13:24:00,2011-09-05 12:41:00,80
12997,2011-01-26 15:49:00,2011-04-17 13:02:00,80
13368,2011-01-06 12:32:00,2011-03-28 09:59:00,80
13477,2011-02-21 12:29:00,2011-05-12 13:10:00,80
14029,2011-07-18 16:57:00,2011-10-07 14:46:00,80
14335,2011-09-04 13:07:00,2011-11-23 13:41:00,80
14959,2011-02-16 13:00:00,2011-05-08 11:38:00,80
15918,2011-03-13 15:55:00,2011-06-02 11:42:00,80
16316,2010-12-16 14:26:00,2011-03-07 11:56:00,80
12571,2011-08-10 12:35:00,2011-10-31 10:19:00,81
13959,2010-12-12 13:56:00,2011-03-03 18:16:00,81
14332,2011-07-15 10:33:00,2011-10-04 13:55:00,81
14948,2011-05-04 14:52:00,2011-07-25 08:50:00,81
15253,2011-06-23 12:19:00,2011-09-12 12:32:00,81
15996,2010-12-08 15:59:00,2011-02-27 15:59:00,81
16546,2010-12-02 12:07:00,2011-02-22 11:20:00,81
16626,2011-03-18 12:27:00,2011-06-08 10:50:00,81
12414,2011-02-02 14:51:00,2011-04-26 09:12:00,82
12547,2011-03-04 12:46:00,2011-05-26 12:38:00,82
12749,2011-05-10 15:25:00,2011-08-01 12:48:00,82
13092,2010-12-15 12:27:00,2011-03-07 14:54:00,82
13236,2011-08-25 08:58:00,2011-11-15 12:50:00,82
14250,2011-09-11 13:44:00,2011-12-02 14:29:00,82
14418,2011-08-23 17:18:00,2011-11-14 13:55:00,82
14513,2011-02-24 09:36:00,2011-05-17 12:21:00,82
14828,2011-01-07 09:50:00,2011-03-30 15:31:00,82
15150,2011-03-15 14:21:00,2011-06-06 12:51:00,82
15660,2010-12-09 09:49:00,2011-03-01 13:45:00,82
16449,2011-03-04 12:15:00,2011-05-26 10:25:00,82
17135,2010-12-03 09:31:00,2011-02-23 10:27:00,82
18204,2011-05-31 15:26:00,2011-08-22 09:10:00,82
18226,2011-01-06 09:00:00,2011-03-29 10:50:00,82
12372,2011-02-16 12:46:00,2011-05-11 10:43:00,83
12957,2011-01-04 12:18:00,2011-03-28 15:38:00,83
14262,2011-04-13 12:23:00,2011-07-05 12:53:00,83
14452,2011-09-07 11:32:00,2011-11-29 12:06:00,83
14461,2011-03-23 12:15:00,2011-06-14 13:15:00,83
15407,2011-02-07 13:18:00,2011-05-01 14:58:00,83
15605,2010-12-01 13:38:00,2011-02-23 10:46:00,83
15724,2011-02-28 10:40:00,2011-05-22 14:40:00,83
16466,2011-02-20 11:39:00,2011-05-15 11:35:00,83
17144,2011-09-16 12:50:00,2011-12-08 17:57:00,83
17612,2011-02-15 10:40:00,2011-05-09 12:14:00,83
17637,2011-08-16 13:25:00,2011-11-08 12:51:00,83
17646,2010-12-09 14:28:00,2011-03-03 10:09:00,83
14177,2011-06-13 11:10:00,2011-09-05 12:18:00,84
14447,2011-03-04 10:49:00,2011-05-27 14:29:00,84
14573,2010-12-02 19:59:00,2011-02-25 17:25:00,84
14818,2011-03-31 12:28:00,2011-06-23 14:13:00,84
15265,2011-04-18 12:16:00,2011-07-11 14:46:00,84
16085,2011-01-23 12:07:00,2011-04-17 12:25:00,84
16730,2011-01-24 14:01:00,2011-04-19 12:41:00,84
16743,2010-12-16 12:15:00,2011-03-10 13:07:00,84
16992,2011-02-28 10:37:00,2011-05-24 09:20:00,84
12597,2011-03-16 14:00:00,2011-06-09 16:04:00,85
12755,2010-12-09 10:44:00,2011-03-04 12:42:00,85
13497,2010-12-06 11:37:00,2011-03-02 09:04:00,85
13634,2011-01-16 15:30:00,2011-04-11 16:17:00,85
14428,2011-01-18 16:39:00,2011-04-14 09:43:00,85
14506,2010-12-05 14:25:00,2011-03-01 12:46:00,85
14913,2010-12-15 14:35:00,2011-03-11 09:07:00,85
15104,2011-03-02 14:16:00,2011-05-27 12:29:00,85
15382,2011-02-17 12:01:00,2011-05-13 12:50:00,85
15734,2011-05-23 14:59:00,2011-08-17 10:50:00,85
16600,2011-01-05 12:13:00,2011-03-31 19:20:00,85
16927,2010-12-13 11:57:00,2011-03-08 13:21:00,85
17795,2011-03-20 12:02:00,2011-06-13 12:36:00,85
17867,2011-02-24 12:25:00,2011-05-20 15:52:00,85
18265,2011-07-04 15:26:00,2011-09-28 14:10:00,85
12576,2011-02-08 11:31:00,2011-05-05 15:08:00,86
13027,2010-12-20 12:45:00,2011-03-16 13:13:00,86
13500,2011-08-09 12:20:00,2011-11-03 17:48:00,86
13643,2011-06-07 11:40:00,2011-09-02 10:42:00,86
13681,2011-07-07 15:21:00,2011-10-02 11:41:00,86
15241,2011-03-01 11:02:00,2011-05-26 16:11:00,86
15304,2010-12-06 11:42:00,2011-03-03 09:39:00,86
15796,2011-02-10 15:40:00,2011-05-08 11:13:00,86
17194,2010-12-14 12:06:00,2011-03-11 12:05:00,86
12375,2011-09-02 14:23:00,2011-11-29 10:36:00,87
12714,2011-02-18 10:53:00,2011-05-17 09:28:00,87
13104,2010-12-20 11:58:00,2011-03-17 13:27:00,87
14016,2010-12-17 14:21:00,2011-03-15 10:53:00,87
15669,2011-03-21 09:13:00,2011-06-16 17:12:00,87
17043,2011-03-18 14:53:00,2011-06-14 13:52:00,87
17667,2011-02-14 09:24:00,2011-05-12 15:17:00,87
12360,2011-05-23 09:43:00,2011-08-19 10:10:00,88
12379,2011-06-22 16:32:00,2011-09-19 10:09:00,88
13048,2011-01-16 14:36:00,2011-04-15 13:31:00,88
13510,2011-06-09 09:32:00,2011-09-05 14:11:00,88
14857,2011-07-14 15:03:00,2011-10-11 09:23:00,88
15238,2011-06-08 16:00:00,2011-09-05 15:26:00,88
16005,2011-03-14 11:46:00,2011-06-10 12:01:00,88
16099,2011-04-28 08:34:00,2011-07-25 10:28:00,88
16954,2010-12-15 10:41:00,2011-03-14 08:05:00,88
12593,2011-05-05 09:29:00,2011-08-02 09:55:00,89
12991,2011-08-19 14:39:00,2011-11-16 15:34:00,89
14078,2010-12-01 12:54:00,2011-02-28 14:15:00,89
14997,2011-06-14 16:52:00,2011-09-12 13:34:00,89
15584,2011-06-30 16:39:00,2011-09-28 10:09:00,89
16053,2011-08-09 14:57:00,2011-11-07 11:21:00,89
16109,2011-02-04 12:37:00,2011-05-05 09:17:00,89
16279,2011-06-16 11:50:00,2011-09-13 16:26:00,89
16755,2011-01-28 10:47:00,2011-04-27 14:01:00,89
12664,2011-01-21 11:42:00,2011-04-21 14:33:00,90
12993,2011-02-14 14:29:00,2011-05-16 10:28:00,90
13873,2011-02-03 09:37:00,2011-05-05 09:13:00,90
14161,2010-12-05 13:18:00,2011-03-06 12:52:00,90
14264,2011-04-08 12:20:00,2011-07-08 10:20:00,90
14388,2010-12-02 11:02:00,2011-03-03 08:24:00,90
14770,2011-01-20 15:00:00,2011-04-21 14:21:00,90
15643,2011-03-02 14:34:00,2011-06-01 07:37:00,90
16325,2011-04-08 09:20:00,2011-07-07 13:44:00,90
16838,2011-02-24 15:01:00,2011-05-26 13:13:00,90
17076,2010-12-10 10:08:00,2011-03-11 08:59:00,90
12633,2011-02-25 08:44:00,2011-05-27 10:29:00,91
12857,2011-02-10 12:32:00,2011-05-13 10:20:00,91
13224,2011-07-11 14:10:00,2011-10-10 14:55:00,91
13381,2011-02-14 10:10:00,2011-05-16 16:22:00,91
14242,2011-01-18 08:53:00,2011-04-19 11:46:00,91
14973,2011-04-28 12:22:00,2011-07-28 15:58:00,91
16182,2011-02-18 10:11:00,2011-05-20 11:03:00,91
16221,2010-12-07 13:13:00,2011-03-09 10:51:00,91
17045,2011-04-06 12:08:00,2011-07-06 15:15:00,91
18018,2011-05-24 13:22:00,2011-08-23 17:37:00,91
12384,2011-08-10 11:23:00,2011-11-11 08:39:00,92
13577,2011-04-12 10:33:00,2011-07-14 10:11:00,92
15764,2011-03-08 09:23:00,2011-06-08 12:50:00,92
17873,2010-12-01 14:54:00,2011-03-03 15:31:00,92
18069,2011-01-16 15:50:00,2011-04-18 16:31:00,92
12930,2011-06-21 13:25:00,2011-09-22 15:18:00,93
13058,2011-07-11 12:01:00,2011-10-12 13:28:00,93
13782,2011-01-16 11:08:00,2011-04-19 14:48:00,93
15122,2011-02-15 09:59:00,2011-05-19 19:32:00,93
15434,2011-05-23 14:18:00,2011-08-24 16:23:00,93
15506,2011-07-24 11:45:00,2011-10-25 12:00:00,93
16889,2011-01-07 10:47:00,2011-04-10 11:24:00,93
17781,2011-03-31 19:54:00,2011-07-03 16:00:00,93
12535,2011-06-06 12:47:00,2011-09-09 08:48:00,94
12584,2011-03-04 15:15:00,2011-06-07 13:00:00,94
12717,2011-04-08 10:32:00,2011-07-11 14:47:00,94
13021,2010-12-16 10:12:00,2011-03-21 09:33:00,94
13427,2011-05-08 15:58:00,2011-08-11 12:53:00,94
14198,2011-04-14 14:54:00,2011-07-17 15:47:00,94
14869,2011-08-28 16:09:00,2011-12-01 12:36:00,94
15117,2011-05-08 12:38:00,2011-08-11 11:51:00,94
15181,2011-03-15 12:03:00,2011-06-17 13:57:00,94
15400,2011-03-06 11:27:00,2011-06-08 13:15:00,94
15421,2011-02-02 14:36:00,2011-05-08 14:00:00,94
16139,2011-05-17 10:23:00,2011-08-19 14:49:00,94
16735,2011-01-09 12:53:00,2011-04-14 12:12:00,94
17604,2011-01-31 15:09:00,2011-05-06 13:43:00,94
14188,2011-02-02 13:46:00,2011-05-09 10:03:00,95
15752,2010-12-02 09:43:00,2011-03-07 14:51:00,95
17146,2010-12-16 12:20:00,2011-03-21 13:51:00,95
17277,2011-01-21 12:37:00,2011-04-26 12:47:00,95
17490,2011-06-16 09:15:00,2011-09-19 12:16:00,95
17631,2011-04-21 13:22:00,2011-07-25 13:37:00,95
18171,2011-01-10 09:55:00,2011-04-15 11:36:00,95
12615,2011-06-24 13:35:00,2011-09-29 10:23:00,96
12645,2011-01-27 13:08:00,2011-05-04 12:11:00,96
13189,2011-08-16 13:12:00,2011-11-21 10:39:00,96
14422,2011-03-17 17:26:00,2011-06-22 15:07:00,96
15139,2011-01-07 12:44:00,2011-04-14 11:39:00,96
15690,2011-08-31 11:40:00,2011-12-05 15:59:00,96
16750,2011-04-21 16:53:00,2011-07-26 17:27:00,96
17159,2011-06-21 09:49:00,2011-09-25 15:56:00,96
17734,2011-04-20 10:04:00,2011-07-26 09:20:00,96
17816,2010-12-09 14:10:00,2011-03-15 14:20:00,96
18263,2011-04-01 11:48:00,2011-07-07 10:04:00,96
12654,2011-02-17 13:16:00,2011-05-26 10:41:00,97
12865,2011-08-08 10:11:00,2011-11-13 14:31:00,97
12897,2011-02-11 11:40:00,2011-05-19 12:13:00,97
13109,2011-07-05 14:56:00,2011-10-11 10:16:00,97
14820,2011-06-19 14:56:00,2011-09-25 13:24:00,97
15681,2011-03-04 13:46:00,2011-06-09 16:33:00,97
16293,2010-12-07 15:02:00,2011-03-15 10:45:00,97
17302,2011-02-07 10:14:00,2011-05-15 11:29:00,97
18235,2011-05-06 13:35:00,2011-08-11 15:56:00,97
13669,2011-07-13 11:44:00,2011-10-20 09:32:00,98
13888,2011-05-05 14:41:00,2011-08-12 10:13:00,98
15785,2011-02-17 14:17:00,2011-05-26 14:21:00,98
16462,2011-03-01 08:58:00,2011-06-07 11:07:00,98
16762,2011-07-18 12:52:00,2011-10-25 10:17:00,98
16861,2011-07-04 15:38:00,2011-10-11 09:05:00,98
17892,2011-07-07 12:56:00,2011-10-13 13:20:00,98
12397,2011-07-27 14:21:00,2011-11-04 09:52:00,99
13515,2011-04-06 10:33:00,2011-07-14 15:02:00,99
14383,2011-06-29 10:18:00,2011-10-06 13:00:00,99
15494,2011-08-10 15:29:00,2011-11-18 14:51:00,99
15998,2010-12-12 13:32:00,2011-03-22 12:25:00,99
16398,2011-03-31 09:38:00,2011-07-08 15:16:00,99
16566,2011-02-20 10:29:00,2011-05-31 08:32:00,99
16998,2011-02-08 15:42:00,2011-05-19 14:24:00,99
17400,2010-12-21 17:16:00,2011-03-30 17:33:00,99
12413,2011-01-06 16:12:00,2011-04-17 15:33:00,100
12556,2011-07-11 13:35:00,2011-10-20 13:06:00,100
14285,2011-06-16 12:36:00,2011-09-25 11:38:00,100
14745,2011-02-27 15:25:00,2011-06-08 08:26:00,100
14936,2011-03-09 11:53:00,2011-06-17 13:14:00,100
15051,2011-07-12 15:29:00,2011-10-21 14:01:00,100
15301,2010-12-06 12:21:00,2011-03-17 10:52:00,100
17284,2011-01-07 14:31:00,2011-04-18 11:53:00,100
12689,2011-08-04 10:04:00,2011-11-14 08:31:00,101
12787,2011-05-31 09:36:00,2011-09-09 12:24:00,101
12844,2011-08-01 13:11:00,2011-11-10 13:31:00,101
13162,2011-01-09 10:43:00,2011-04-20 15:38:00,101
14282,2010-12-07 12:21:00,2011-03-18 13:51:00,101
14672,2011-01-07 15:48:00,2011-04-19 10:19:00,101
15288,2010-12-09 13:59:00,2011-03-20 14:35:00,101
16150,2010-12-02 18:27:00,2011-03-14 13:56:00,101
12516,2011-06-12 11:37:00,2011-09-23 09:13:00,102
12530,2011-01-07 10:04:00,2011-04-20 09:31:00,102
12695,2011-05-13 13:15:00,2011-08-24 12:58:00,102
13309,2011-02-04 12:29:00,2011-05-17 12:44:00,102
13476,2011-03-03 14:43:00,2011-06-14 12:00:00,102
13865,2011-02-23 12:04:00,2011-06-06 08:04:00,102
14146,2010-12-17 15:52:00,2011-03-30 11:04:00,102
15722,2011-02-22 12:24:00,2011-06-05 12:12:00,102
16637,2011-04-28 10:20:00,2011-08-08 12:00:00,102
17686,2011-02-10 10:18:00,2011-05-23 14:11:00,102
18064,2011-04-18 15:08:00,2011-07-29 16:39:00,102
12409,2011-06-10 12:19:00,2011-09-21 14:15:00,103
12981,2011-07-29 14:14:00,2011-11-10 12:00:00,103
14880,2011-02-24 12:27:00,2011-06-07 13:27:00,103
16968,2011-08-24 10:51:00,2011-12-05 15:02:00,103
12759,2011-03-09 08:09:00,2011-06-21 09:26:00,104
13000,2010-12-10 10:26:00,2011-03-25 10:14:00,104
13562,2011-04-08 12:42:00,2011-07-21 15:12:00,104
13995,2011-04-08 08:20:00,2011-07-21 08:44:00,104
14256,2010-12-10 11:44:00,2011-03-24 13:17:00,104
15712,2011-02-25 11:32:00,2011-06-09 15:48:00,104
16358,2011-06-08 15:05:00,2011-09-21 13:48:00,104
16402,2010-12-05 13:42:00,2011-03-20 12:25:00,104
16676,2011-01-06 13:00:00,2011-04-20 15:32:00,104
17351,2011-03-11 16:05:00,2011-06-23 19:29:00,104
17921,2011-03-18 13:19:00,2011-06-30 18:17:00,104
12649,2011-05-11 14:37:00,2011-08-24 14:40:00,105
13837,2011-01-26 12:15:00,2011-05-12 12:10:00,105
14224,2011-01-23 13:58:00,2011-05-08 14:08:00,105
14522,2011-05-25 16:01:00,2011-09-08 15:39:00,105
14716,2011-07-14 12:42:00,2011-10-27 17:29:00,105
14871,2010-12-14 12:18:00,2011-03-29 13:22:00,105
15021,2010-12-08 12:17:00,2011-03-23 12:24:00,105
15045,2011-03-27 11:44:00,2011-07-11 11:33:00,105
15197,2010-12-16 18:01:00,2011-04-01 11:50:00,105
15376,2011-05-01 13:45:00,2011-08-14 15:39:00,105
15483,2011-03-18 12:26:00,2011-07-01 13:04:00,105
16571,2011-03-03 09:41:00,2011-06-16 13:14:00,105
16657,2011-03-30 12:02:00,2011-07-14 11:45:00,105
17147,2011-02-01 09:36:00,2011-05-17 10:57:00,105
17262,2010-12-08 13:30:00,2011-03-23 13:46:00,105
17361,2011-02-21 09:55:00,2011-06-06 14:02:00,105
18170,2011-05-06 15:13:00,2011-08-19 16:04:00,105
12451,2011-01-19 09:05:00,2011-05-05 17:34:00,106
12962,2011-08-18 13:38:00,2011-12-02 15:55:00,106
13038,2011-02-22 11:43:00,2011-06-09 10:31:00,106
13124,2010-12-15 15:00:00,2011-04-01 14:58:00,106
14159,2010-12-12 11:17:00,2011-03-28 12:23:00,106
14223,2011-03-20 16:02:00,2011-07-05 11:36:00,106
17426,2011-03-02 16:34:00,2011-06-17 12:30:00,106
17519,2010-12-06 15:18:00,2011-03-23 13:59:00,106
17560,2011-02-02 11:14:00,2011-05-19 17:13:00,106
17917,2010-12-12 12:08:00,2011-03-28 16:37:00,106
12380,2011-06-07 09:49:00,2011-09-22 17:31:00,107
12541,2011-03-04 09:32:00,2011-06-19 15:59:00,107
12625,2011-01-24 13:27:00,2011-05-12 09:54:00,107
14214,2011-03-07 12:26:00,2011-06-22 13:59:00,107
14690,2011-07-11 11:58:00,2011-10-26 15:39:00,107
16081,2010-12-08 11:16:00,2011-03-25 15:24:00,107
18136,2011-01-24 12:08:00,2011-05-12 11:59:00,107
18145,2011-01-31 12:10:00,2011-05-19 10:38:00,107
13240,2010-12-09 12:49:00,2011-03-27 15:33:00,108
14246,2011-04-08 08:25:00,2011-07-25 11:37:00,108
14493,2011-07-07 16:59:00,2011-10-24 10:27:00,108
14503,2011-06-14 10:00:00,2011-09-30 14:59:00,108
14517,2011-07-21 11:42:00,2011-11-06 14:20:00,108
16660,2011-01-24 12:44:00,2011-05-13 10:44:00,108
17059,2010-12-05 12:35:00,2011-03-24 12:08:00,108
17527,2011-05-05 13:43:00,2011-08-22 10:15:00,108
18071,2010-12-09 10:33:00,2011-03-27 11:59:00,108
13192,2011-05-18 14:57:00,2011-09-05 14:13:00,109
13649,2010-12-08 14:46:00,2011-03-28 11:51:00,109
14276,2011-02-23 09:38:00,2011-06-12 09:56:00,109
14766,2010-12-08 15:33:00,2011-03-28 13:28:00,109
14768,2011-08-04 13:25:00,2011-11-22 12:54:00,109
16496,2011-01-27 09:42:00,2011-05-16 10:48:00,109
16554,2011-01-12 12:41:00,2011-05-01 14:17:00,109
17629,2010-12-15 09:58:00,2011-04-03 11:36:00,109
17889,2011-01-21 17:14:00,2011-05-11 16:26:00,109
14220,2010-12-16 18:18:00,2011-04-06 13:23:00,110
14626,2011-04-20 13:18:00,2011-08-09 10:20:00,110
18135,2011-06-02 14:04:00,2011-09-20 14:08:00,110
12705,2010-12-17 15:58:00,2011-04-08 09:54:00,111
14479,2010-12-09 12:59:00,2011-03-31 09:07:00,111
14658,2011-08-14 15:42:00,2011-12-04 15:35:00,111
15289,2011-04-04 12:44:00,2011-07-25 11:01:00,111
15628,2010-12-08 09:51:00,2011-03-29 14:58:00,111
16010,2010-12-12 12:18:00,2011-04-03 11:37:00,111
16475,2011-03-11 09:39:00,2011-06-30 15:35:00,111
16905,2010-12-03 10:43:00,2011-03-24 19:31:00,111
17227,2010-12-06 11:16:00,2011-03-28 10:03:00,111
18079,2011-04-15 12:14:00,2011-08-05 11:00:00,111
18202,2011-02-01 13:36:00,2011-05-24 12:10:00,111
12483,2011-01-04 14:20:00,2011-04-27 13:13:00,112
12643,2011-01-11 11:48:00,2011-05-03 12:02:00,112
12694,2011-06-09 17:48:00,2011-09-30 13:06:00,112
12933,2011-03-01 11:30:00,2011-06-21 16:13:00,112
13652,2010-12-06 09:21:00,2011-03-28 09:21:00,112
14419,2010-12-10 10:56:00,2011-04-01 11:47:00,112
14442,2011-01-27 09:33:00,2011-05-19 11:36:00,112
14477,2011-02-15 15:44:00,2011-06-08 13:33:00,112
15426,2010-12-05 13:55:00,2011-03-27 16:05:00,112
15673,2011-01-16 16:25:00,2011-05-09 12:20:00,112
15716,2010-12-05 12:26:00,2011-03-27 13:10:00,112
16126,2011-02-16 11:18:00,2011-06-08 14:57:00,112
16205,2011-06-13 11:33:00,2011-10-03 12:04:00,112
16250,2010-12-01 09:59:00,2011-03-23 15:07:00,112
17616,2010-12-07 10:04:00,2011-03-30 09:31:00,112
13405,2011-01-26 09:27:00,2011-05-19 16:31:00,113
15203,2011-02-01 12:29:00,2011-05-25 15:31:00,113
15353,2010-12-07 11:49:00,2011-03-30 12:15:00,113
15840,2011-06-20 11:42:00,2011-10-12 09:08:00,113
15985,2011-04-17 11:04:00,2011-08-08 16:31:00,113
16557,2011-07-25 13:28:00,2011-11-15 14:04:00,113
17618,2010-12-12 16:05:00,2011-04-05 13:07:00,113
13334,2011-02-07 11:42:00,2011-06-02 11:33:00,114
14656,2011-03-01 13:19:00,2011-06-23 13:51:00,114
15018,2010-12-07 10:47:00,2011-04-01 09:56:00,114
15182,2011-03-16 12:42:00,2011-07-08 13:37:00,114
15296,2011-01-17 11:57:00,2011-05-11 13:18:00,114
15730,2011-05-17 12:43:00,2011-09-08 14:28:00,114
15780,2010-12-17 11:43:00,2011-04-11 09:18:00,114
17015,2011-06-07 13:19:00,2011-09-29 17:36:00,114
18127,2011-07-29 10:06:00,2011-11-20 12:45:00,114
12490,2011-01-14 09:13:00,2011-05-09 09:47:00,115
12589,2011-07-18 12:05:00,2011-11-11 10:19:00,115
12935,2011-01-24 13:58:00,2011-05-20 12:38:00,115
13659,2011-01-23 12:08:00,2011-05-18 12:37:00,115
14004,2011-02-24 09:28:00,2011-06-19 11:44:00,115
15860,2010-12-06 11:38:00,2011-04-01 11:28:00,115
15894,2010-12-05 14:06:00,2011-03-31 13:50:00,115
16341,2011-05-22 13:20:00,2011-09-15 12:03:00,115
17175,2011-02-16 14:56:00,2011-06-12 12:08:00,115
13131,2011-06-05 10:54:00,2011-09-29 17:16:00,116
13821,2011-03-23 11:30:00,2011-07-18 09:49:00,116
14049,2011-01-26 11:27:00,2011-05-23 11:07:00,116
14691,2011-05-11 09:55:00,2011-09-04 11:17:00,116
14842,2011-02-04 15:32:00,2011-06-01 08:38:00,116
16009,2011-07-03 11:26:00,2011-10-27 12:22:00,116
16369,2011-05-27 09:39:00,2011-09-20 11:16:00,116
16624,2011-05-26 14:20:00,2011-09-20 12:39:00,116
16859,2011-03-23 13:39:00,2011-07-18 12:19:00,116
18062,2011-01-06 10:03:00,2011-05-03 09:34:00,116
12585,2010-12-23 12:58:00,2011-04-19 13:39:00,117
12928,2010-12-15 15:45:00,2011-04-12 10:45:00,117
13310,2011-01-19 14:50:00,2011-05-17 13:26:00,117
13373,2011-03-08 14:35:00,2011-07-04 12:19:00,117
13846,2010-12-14 16:07:00,2011-04-11 15:03:00,117
14867,2011-01-07 16:34:00,2011-05-05 08:18:00,117
17625,2011-03-27 12:21:00,2011-07-22 13:53:00,117
13588,2011-03-29 15:53:00,2011-07-26 09:27:00,118
13658,2011-05-19 17:15:00,2011-09-15 13:20:00,118
14162,2011-02-20 12:32:00,2011-06-19 11:36:00,118
14475,2011-02-08 10:12:00,2011-06-06 13:06:00,118
14609,2011-02-16 12:10:00,2011-06-15 09:33:00,118
14645,2011-03-09 09:52:00,2011-07-06 09:15:00,118
16206,2011-01-16 11:07:00,2011-05-15 11:04:00,118
16218,2010-12-01 11:29:00,2011-03-30 10:34:00,118
16873,2010-12-10 15:45:00,2011-04-08 15:34:00,118
17096,2011-03-23 12:05:00,2011-07-19 17:02:00,118
17754,2011-03-24 13:54:00,2011-07-20 15:56:00,118
18282,2011-08-05 13:35:00,2011-12-02 11:43:00,118
13221,2010-12-15 13:24:00,2011-04-13 16:58:00,119
13849,2011-06-22 10:11:00,2011-10-19 10:59:00,119
13870,2011-02-25 09:09:00,2011-06-24 13:26:00,119
14759,2011-04-21 10:55:00,2011-08-19 08:57:00,119
14834,2011-04-13 15:00:00,2011-08-11 14:36:00,119
15806,2011-03-08 09:24:00,2011-07-05 12:15:00,119
17410,2011-05-08 15:21:00,2011-09-04 16:08:00,119
17470,2010-12-07 09:57:00,2011-04-05 14:38:00,119
17596,2010-12-06 12:34:00,2011-04-05 11:47:00,119
14553,2011-01-04 15:40:00,2011-05-05 11:08:00,120
15246,2010-12-16 09:46:00,2011-04-15 14:45:00,120
15582,2011-05-03 13:36:00,2011-08-31 14:52:00,120
15841,2011-01-05 11:25:00,2011-05-05 14:37:00,120
16040,2011-03-16 09:58:00,2011-07-14 16:12:00,120
16940,2011-02-23 12:27:00,2011-06-23 13:13:00,120
17584,2011-08-04 14:12:00,2011-12-02 17:12:00,120
17682,2010-12-06 13:35:00,2011-04-06 10:19:00,120
12592,2011-05-10 13:44:00,2011-09-08 15:04:00,121
13203,2011-04-11 14:40:00,2011-08-11 10:29:00,121
14535,2011-04-05 12:50:00,2011-08-04 15:04:00,121
16511,2011-03-18 11:24:00,2011-07-18 10:49:00,121
17898,2011-05-16 17:13:00,2011-09-15 14:56:00,121
17931,2011-03-29 12:31:00,2011-07-28 18:33:00,121
18155,2011-02-21 10:36:00,2011-06-22 11:59:00,121
18252,2011-06-21 11:47:00,2011-10-20 12:43:00,121
13316,2011-03-30 13:01:00,2011-07-31 11:48:00,122
14481,2011-02-25 13:53:00,2011-06-28 10:38:00,122
14862,2011-07-14 11:20:00,2011-11-14 10:01:00,122
17869,2010-12-06 17:16:00,2011-04-07 19:10:00,122
12456,2011-03-30 09:12:00,2011-07-31 15:25:00,123
12620,2011-05-19 12:10:00,2011-09-20 10:06:00,123
12871,2011-05-16 13:32:00,2011-09-16 15:07:00,123
13453,2011-02-23 09:44:00,2011-06-27 09:34:00,123
14323,2011-04-15 11:44:00,2011-08-17 11:37:00,123
14859,2011-05-19 14:42:00,2011-09-20 13:19:00,123
16062,2010-12-10 12:00:00,2011-04-12 15:08:00,123
12987,2011-05-26 12:00:00,2011-09-27 12:03:00,124
12990,2011-02-02 15:39:00,2011-06-07 14:27:00,124
13313,2011-01-04 10:00:00,2011-05-08 13:20:00,124
15865,2011-05-10 11:44:00,2011-09-12 09:38:00,124
16034,2011-01-11 11:54:00,2011-05-15 15:14:00,124
16572,2011-03-09 12:04:00,2011-07-11 13:32:00,124
12438,2011-07-22 13:29:00,2011-11-25 13:28:00,125
13115,2011-06-08 16:15:00,2011-10-12 12:42:00,125
13283,2011-06-07 12:39:00,2011-10-11 09:50:00,125
13527,2011-01-17 11:17:00,2011-05-22 12:16:00,125
13529,2011-05-19 11:50:00,2011-09-22 09:15:00,125
14201,2010-12-15 13:25:00,2011-04-19 13:57:00,125
14389,2011-06-02 12:04:00,2011-10-05 15:17:00,125
14449,2010-12-02 14:09:00,2011-04-07 12:16:00,125
14963,2011-06-09 12:30:00,2011-10-13 11:57:00,125
15053,2011-03-03 12:06:00,2011-07-06 13:06:00,125
15228,2011-02-18 09:04:00,2011-06-23 14:12:00,125
15646,2010-12-02 16:59:00,2011-04-07 09:12:00,125
15675,2011-03-04 14:21:00,2011-07-07 19:14:00,125
16229,2011-05-11 10:18:00,2011-09-13 17:16:00,125
16364,2011-07-25 14:35:00,2011-11-28 11:27:00,125
16612,2011-02-01 10:38:00,2011-06-06 11:37:00,125
17169,2011-06-09 13:16:00,2011-10-13 10:25:00,125
17282,2011-02-13 11:36:00,2011-06-19 10:20:00,125
12798,2011-06-22 10:11:00,2011-10-26 13:21:00,126
13425,2011-02-18 08:34:00,2011-06-24 13:28:00,126
14320,2011-01-11 09:12:00,2011-05-17 09:24:00,126
15038,2010-12-05 10:54:00,2011-04-10 11:45:00,126
15146,2011-02-21 13:07:00,2011-06-28 12:09:00,126
16520,2010-12-09 13:08:00,2011-04-14 14:14:00,126
17029,2011-04-17 10:57:00,2011-08-21 11:06:00,126
17101,2011-06-14 14:49:00,2011-10-19 12:30:00,126
13655,2011-04-12 09:53:00,2011-08-17 14:25:00,127
13748,2010-12-01 09:00:00,2011-04-07 10:13:00,127
14819,2011-05-31 13:50:00,2011-10-06 13:41:00,127
17158,2010-12-14 13:03:00,2011-04-21 10:12:00,127
12468,2011-01-27 13:29:00,2011-06-05 11:36:00,128
16671,2011-06-28 11:20:00,2011-11-04 09:32:00,128
16938,2011-02-04 09:34:00,2011-06-12 13:17:00,128
12716,2011-07-29 13:28:00,2011-12-06 08:55:00,129
13761,2011-06-13 08:43:00,2011-10-20 14:01:00,129
14514,2011-01-12 15:22:00,2011-05-22 15:11:00,129
15955,2010-12-02 11:22:00,2011-04-10 11:48:00,129
16008,2011-05-19 10:54:00,2011-09-25 14:38:00,129
16690,2011-05-22 10:53:00,2011-09-28 15:02:00,129
17179,2010-12-13 14:24:00,2011-04-21 16:37:00,129
13330,2011-01-28 10:08:00,2011-06-07 12:18:00,130
14013,2011-03-09 08:59:00,2011-07-17 10:39:00,130
14577,2010-12-12 11:26:00,2011-04-21 11:31:00,130
15164,2011-01-04 14:21:00,2011-05-15 13:14:00,130
15206,2011-03-09 08:59:00,2011-07-17 11:26:00,130
16186,2010-12-02 14:40:00,2011-04-12 10:05:00,130
16552,2010-12-01 12:36:00,2011-04-11 10:04:00,130
13138,2010-12-02 15:03:00,2011-04-13 09:59:00,131
13340,2011-03-08 11:39:00,2011-07-17 13:25:00,131
13972,2011-05-22 11:34:00,2011-09-30 11:54:00,131
15550,2011-02-11 12:49:00,2011-06-22 16:01:00,131
16788,2011-03-30 13:05:00,2011-08-08 14:53:00,131
17320,2010-12-06 15:38:00,2011-04-17 14:09:00,131
12363,2011-04-11 13:29:00,2011-08-22 10:18:00,132
12609,2011-01-25 15:13:00,2011-06-06 15:31:00,132
14088,2011-01-21 13:07:00,2011-06-02 17:50:00,132
14221,2011-01-04 15:33:00,2011-05-17 11:41:00,132
16163,2010-12-09 16:28:00,2011-04-21 15:15:00,132
16239,2011-06-03 09:30:00,2011-10-14 08:29:00,132
16261,2011-04-07 19:05:00,2011-08-18 18:51:00,132
16550,2010-12-06 13:53:00,2011-04-18 13:30:00,132
18101,2011-07-19 13:05:00,2011-11-28 13:37:00,132
13675,2011-02-28 12:14:00,2011-07-11 12:57:00,133
13804,2011-02-23 09:09:00,2011-07-06 15:10:00,133
14257,2011-01-25 10:49:00,2011-06-08 09:58:00,133
14390,2010-12-02 11:57:00,2011-04-14 13:17:00,133
15014,2011-06-16 19:40:00,2011-10-27 20:07:00,133
16418,2011-04-27 16:54:00,2011-09-08 10:35:00,133
16442,2010-12-14 10:46:00,2011-04-26 11:51:00,133
16654,2010-12-06 15:09:00,2011-04-18 15:43:00,133
17446,2011-02-02 14:40:00,2011-06-16 10:42:00,133
17521,2011-05-24 15:14:00,2011-10-05 13:42:00,133
17738,2011-03-02 16:26:00,2011-07-14 09:22:00,133
17768,2011-06-26 13:46:00,2011-11-06 14:14:00,133
14451,2011-05-29 12:35:00,2011-10-10 13:38:00,134
14790,2011-03-31 11:49:00,2011-08-12 12:15:00,134
16298,2011-06-06 10:06:00,2011-10-19 09:58:00,134
16309,2011-04-13 11:46:00,2011-08-25 15:35:00,134
17572,2010-12-01 12:51:00,2011-04-15 12:10:00,134
13055,2011-05-10 08:58:00,2011-09-22 14:25:00,135
13207,2011-07-12 11:35:00,2011-11-24 14:52:00,135
14111,2011-04-12 11:36:00,2011-08-25 14:51:00,135
15969,2011-06-07 12:19:00,2011-10-21 08:24:00,135
16245,2011-03-28 09:30:00,2011-08-10 09:34:00,135
16317,2011-02-15 14:30:00,2011-07-01 08:16:00,135
12908,2011-01-31 12:37:00,2011-06-16 15:39:00,136
14501,2011-01-24 10:43:00,2011-06-09 12:02:00,136
12429,2010-12-09 12:05:00,2011-04-26 11:44:00,137
13085,2011-02-17 13:57:00,2011-07-05 12:11:00,137
15620,2010-12-16 14:34:00,2011-05-03 11:22:00,137
16149,2011-07-20 14:54:00,2011-12-05 11:29:00,137
16153,2010-12-20 09:22:00,2011-05-06 10:16:00,137
17708,2011-01-19 10:09:00,2011-06-05 10:12:00,137
12876,2011-05-27 13:34:00,2011-10-13 12:26:00,138
15864,2011-01-27 16:43:00,2011-06-15 15:35:00,138
16014,2011-02-21 17:42:00,2011-07-10 16:29:00,138
16128,2011-03-02 12:21:00,2011-07-19 12:19:00,138
16593,2011-01-16 12:11:00,2011-06-03 12:17:00,138
18190,2011-01-13 10:35:00,2011-05-31 14:48:00,138
13149,2011-02-23 13:57:00,2011-07-13 13:20:00,139
13414,2011-02-16 12:13:00,2011-07-05 12:52:00,139
14460,2011-02-02 11:55:00,2011-06-21 12:40:00,139
15312,2010-12-20 12:51:00,2011-05-08 15:22:00,139
15800,2011-04-07 12:39:00,2011-08-24 14:23:00,139
13487,2010-12-21 14:54:00,2011-05-10 16:19:00,140
14001,2010-12-01 12:58:00,2011-04-21 09:26:00,140
14482,2011-04-14 16:41:00,2011-09-01 16:44:00,140
14681,2011-05-12 10:45:00,2011-09-29 13:31:00,140
16016,2010-12-08 12:36:00,2011-04-27 13:06:00,140
18036,2011-04-08 11:26:00,2011-08-26 12:55:00,140
13917,2011-06-01 12:46:00,2011-10-21 09:56:00,141
15594,2011-04-19 10:08:00,2011-09-07 10:51:00,141
16018,2011-06-12 13:52:00,2011-10-31 14:13:00,141
17414,2011-06-08 11:43:00,2011-10-27 12:13:00,141
18017,2011-02-02 13:57:00,2011-06-23 15:48:00,141
13772,2011-04-14 12:31:00,2011-09-04 11:22:00,142
16567,2011-01-07 09:31:00,2011-05-29 13:57:00,142
16616,2011-07-05 13:38:00,2011-11-24 16:31:00,142
17720,2010-12-07 10:43:00,2011-04-28 12:49:00,142
18211,2011-03-06 12:09:00,2011-07-26 12:24:00,142
18287,2011-05-22 10:39:00,2011-10-12 10:23:00,142
12507,2011-02-14 09:24:00,2011-07-07 10:20:00,143
13867,2011-05-05 17:28:00,2011-09-26 12:23:00,143
14651,2011-05-12 16:29:00,2011-10-03 15:52:00,143
17031,2011-07-08 09:38:00,2011-11-28 10:23:00,143
18160,2011-05-23 13:41:00,2011-10-13 15:50:00,143
14499,2011-03-06 11:55:00,2011-07-29 11:49:00,144
16203,2010-12-02 15:39:00,2011-04-26 15:02:00,144
17064,2011-01-16 16:10:00,2011-06-10 10:26:00,144
17266,2011-07-15 11:57:00,2011-12-06 14:30:00,144
12421,2011-01-24 15:09:00,2011-06-19 13:54:00,145
13311,2011-07-12 14:26:00,2011-12-05 12:55:00,145
16655,2011-01-12 10:16:00,2011-06-07 07:49:00,145
17033,2010-12-15 13:21:00,2011-05-09 16:01:00,145
13122,2011-04-13 14:12:00,2011-09-06 15:53:00,146
13709,2011-01-28 14:57:00,2011-06-24 09:22:00,146
13815,2011-01-25 12:16:00,2011-06-20 13:08:00,146
15252,2011-06-09 14:15:00,2011-11-03 13:30:00,146
17289,2011-06-12 13:51:00,2011-11-06 12:31:00,146
12653,2011-02-16 10:53:00,2011-07-14 10:41:00,147
13546,2011-05-23 12:14:00,2011-10-17 14:51:00,147
13548,2011-04-10 11:35:00,2011-09-04 14:50:00,147
14684,2010-12-12 12:44:00,2011-05-08 12:58:00,147
15048,2010-12-06 12:15:00,2011-05-03 11:40:00,147
16825,2011-06-07 09:44:00,2011-11-01 11:51:00,147
16842,2011-02-10 14:51:00,2011-07-07 17:35:00,147
17105,2011-02-06 14:46:00,2011-07-03 15:53:00,147
12994,2011-03-16 08:31:00,2011-08-11 17:02:00,148
15850,2011-06-24 14:16:00,2011-11-20 14:14:00,148
16440,2011-05-09 12:25:00,2011-10-04 13:10:00,148
16824,2011-06-28 13:36:00,2011-11-24 12:38:00,148
17190,2011-05-16 15:29:00,2011-10-12 11:33:00,148
12358,2011-07-12 10:04:00,2011-12-08 10:26:00,149
15799,2011-01-09 15:13:00,2011-06-07 15:28:00,149
15987,2010-12-06 08:34:00,2011-05-04 13:11:00,149
16634,2010-12-02 17:41:00,2011-05-01 12:09:00,149
16979,2011-02-15 09:20:00,2011-07-15 08:59:00,149
13831,2010-12-05 12:13:00,2011-05-05 08:33:00,150
16463,2011-05-19 14:45:00,2011-10-17 14:23:00,150
12886,2011-05-04 11:21:00,2011-10-03 10:09:00,151
13308,2011-05-20 13:13:00,2011-10-18 14:44:00,151
13722,2011-03-02 11:43:00,2011-07-31 12:43:00,151
13955,2011-02-07 12:24:00,2011-07-08 17:19:00,151
14628,2011-04-11 14:43:00,2011-09-09 14:58:00,151
14655,2011-05-01 14:59:00,2011-09-30 08:14:00,151
17092,2011-03-07 14:51:00,2011-08-05 16:10:00,151
17707,2011-01-07 13:30:00,2011-06-07 15:03:00,151
12465,2011-06-23 13:37:00,2011-11-22 16:34:00,152
13627,2010-12-17 09:52:00,2011-05-19 09:47:00,152
15757,2011-05-06 11:40:00,2011-10-05 12:14:00,152
12394,2011-05-06 14:01:00,2011-10-07 08:08:00,153
15489,2011-05-12 12:54:00,2011-10-13 10:55:00,153
16332,2011-02-07 14:16:00,2011-07-11 13:47:00,153
16899,2010-12-14 13:11:00,2011-05-16 15:53:00,153
17489,2011-05-11 11:34:00,2011-10-12 08:56:00,153
12904,2011-06-20 13:18:00,2011-11-21 14:34:00,154
14421,2011-05-12 10:49:00,2011-10-13 13:24:00,154
15186,2011-06-24 14:54:00,2011-11-25 14:58:00,154
15394,2010-12-16 12:46:00,2011-05-19 14:27:00,154
15577,2011-02-07 13:32:00,2011-07-11 16:59:00,154
15826,2011-05-13 10:44:00,2011-10-14 16:04:00,154
16031,2011-04-06 14:23:00,2011-09-08 13:07:00,154
16892,2011-06-09 11:35:00,2011-11-10 13:03:00,154
17671,2010-12-09 14:27:00,2011-05-12 18:13:00,154
17980,2010-12-15 15:50:00,2011-05-19 14:29:00,154
18112,2011-06-26 13:56:00,2011-11-27 14:43:00,154
14565,2010-12-13 13:25:00,2011-05-18 13:09:00,155
14875,2011-03-22 11:53:00,2011-08-24 12:20:00,155
18151,2011-02-23 08:29:00,2011-07-28 11:35:00,155
12422,2011-01-19 09:13:00,2011-06-24 13:20:00,156
13107,2011-01-10 12:28:00,2011-06-17 08:57:00,157
13389,2011-04-21 12:12:00,2011-09-26 09:52:00,157
13929,2011-01-17 15:11:00,2011-06-23 15:26:00,157
14321,2011-01-10 11:35:00,2011-06-16 11:38:00,157
16918,2011-01-26 17:37:00,2011-07-03 12:38:00,157
17134,2011-03-20 11:56:00,2011-08-25 09:53:00,157
12724,2011-01-11 15:00:00,2011-06-19 13:37:00,158
14152,2011-04-19 15:46:00,2011-09-25 12:54:00,158
14175,2011-01-14 12:22:00,2011-06-21 14:29:00,158
15081,2010-12-07 16:20:00,2011-05-15 13:31:00,158
15364,2011-03-30 13:39:00,2011-09-05 09:46:00,158
15549,2011-01-27 15:38:00,2011-07-05 12:47:00,158
15563,2010-12-16 11:27:00,2011-05-23 11:44:00,158
16121,2011-05-08 11:52:00,2011-10-13 12:59:00,158
16780,2011-03-25 17:34:00,2011-08-31 16:09:00,158
12484,2011-01-07 14:04:00,2011-06-16 11:30:00,159
12758,2011-03-08 12:05:00,2011-08-15 10:22:00,159
13851,2011-02-24 17:18:00,2011-08-03 14:07:00,159
14985,2010-12-16 19:51:00,2011-05-25 14:29:00,159
15630,2011-05-19 10:16:00,2011-10-25 15:36:00,159
15732,2010-12-02 15:00:00,2011-05-11 14:24:00,159
16200,2011-06-28 15:47:00,2011-12-05 14:40:00,159
17883,2011-04-07 19:16:00,2011-09-14 13:37:00,159
14441,2011-03-29 12:01:00,2011-09-06 09:45:00,160
14896,2010-12-09 12:24:00,2011-05-19 10:20:00,160
15791,2011-05-19 15:15:00,2011-10-27 10:14:00,160
16244,2010-12-02 11:41:00,2011-05-12 10:18:00,160
17155,2011-06-15 10:22:00,2011-11-22 12:38:00,160
17764,2011-05-12 16:11:00,2011-10-20 11:03:00,160
17797,2011-06-10 11:29:00,2011-11-17 13:16:00,160
18043,2010-12-08 12:35:00,2011-05-17 12:40:00,160
12406,2011-06-09 10:23:00,2011-11-17 19:22:00,161
13531,2010-12-08 15:03:00,2011-05-18 16:56:00,161
14984,2011-06-12 11:04:00,2011-11-20 14:28:00,161
15184,2011-06-02 12:06:00,2011-11-10 13:41:00,161
12701,2011-04-11 13:02:00,2011-09-21 10:47:00,162
14960,2011-06-21 13:38:00,2011-12-01 12:54:00,162
15745,2011-04-17 13:04:00,2011-09-27 10:24:00,162
18273,2011-03-27 11:22:00,2011-09-05 11:27:00,162
13158,2011-01-25 09:58:00,2011-07-07 13:05:00,163
13780,2011-06-22 11:43:00,2011-12-02 13:49:00,163
13589,2011-06-13 12:44:00,2011-11-25 12:10:00,164
14044,2011-02-03 11:39:00,2011-07-17 13:32:00,164
14625,2010-12-13 15:36:00,2011-05-27 15:32:00,164
13754,2011-01-26 14:58:00,2011-07-11 11:51:00,165
14129,2011-03-24 08:44:00,2011-09-05 09:49:00,165
14798,2011-02-02 15:26:00,2011-07-18 14:40:00,165
14930,2011-03-10 14:42:00,2011-08-23 10:29:00,165
15980,2011-03-30 15:05:00,2011-09-12 09:39:00,165
16470,2010-12-16 11:53:00,2011-05-31 11:39:00,165
16852,2011-06-16 15:49:00,2011-11-29 13:22:00,165
17166,2011-05-20 08:18:00,2011-11-01 09:46:00,165
17988,2011-01-17 11:59:00,2011-07-01 15:22:00,165
13516,2011-04-15 11:06:00,2011-09-28 12:28:00,166
13523,2010-12-08 14:22:00,2011-05-24 08:49:00,166
13601,2011-05-12 16:52:00,2011-10-25 17:31:00,166
13614,2011-01-13 12:37:00,2011-06-28 14:58:00,166
14446,2011-04-07 12:10:00,2011-09-20 12:35:00,166
17360,2011-06-08 17:09:00,2011-11-22 12:55:00,166
14548,2011-01-26 08:38:00,2011-07-12 12:19:00,167
15863,2011-05-31 11:36:00,2011-11-14 12:49:00,167
16951,2011-02-08 14:58:00,2011-07-26 11:38:00,167
12942,2010-12-09 09:34:00,2011-05-26 11:16:00,168
13249,2011-03-23 15:26:00,2011-09-07 16:27:00,168
15781,2011-02-07 09:15:00,2011-07-25 12:25:00,168
16768,2011-03-13 10:25:00,2011-08-28 10:43:00,168
17157,2011-06-16 15:08:00,2011-12-02 09:10:00,168
15124,2011-06-01 09:06:00,2011-11-17 10:09:00,169
15862,2010-12-01 11:21:00,2011-05-19 14:08:00,169
17594,2011-03-30 10:32:00,2011-09-15 16:34:00,169
14621,2010-12-16 13:00:00,2011-06-05 13:05:00,171
14921,2011-05-22 12:51:00,2011-11-09 13:17:00,171
17423,2011-05-06 09:14:00,2011-10-24 13:36:00,171
13656,2011-01-06 15:42:00,2011-06-28 10:31:00,172
15031,2011-03-02 14:46:00,2011-08-21 15:35:00,172
15754,2011-04-07 12:24:00,2011-09-27 10:12:00,172
13950,2011-04-07 11:29:00,2011-09-27 14:52:00,173
13989,2011-04-14 15:39:00,2011-10-05 09:47:00,173
14173,2011-05-04 14:03:00,2011-10-25 13:17:00,173
15163,2011-05-31 15:22:00,2011-11-21 13:10:00,173
13064,2011-01-16 13:41:00,2011-07-10 11:34:00,174
14916,2011-01-19 15:30:00,2011-07-13 10:38:00,174
15192,2010-12-09 14:56:00,2011-06-01 15:47:00,174
16384,2011-03-21 10:13:00,2011-09-11 11:19:00,174
16584,2011-03-30 13:14:00,2011-09-20 13:45:00,174
12434,2011-03-24 13:05:00,2011-09-16 12:38:00,175
14498,2010-12-13 11:29:00,2011-06-06 14:34:00,175
16808,2011-03-10 19:05:00,2011-09-01 19:34:00,175
17783,2011-04-06 10:07:00,2011-09-28 16:07:00,175
17974,2011-05-04 11:50:00,2011-10-26 15:17:00,175
14346,2011-02-15 13:52:00,2011-08-11 09:47:00,176
16036,2011-03-21 13:01:00,2011-09-13 14:53:00,176
16777,2011-03-27 14:34:00,2011-09-20 13:41:00,176
13196,2011-03-22 14:24:00,2011-09-16 12:48:00,177
13799,2011-02-18 14:18:00,2011-08-15 12:07:00,177
15599,2011-05-19 13:05:00,2011-11-13 11:44:00,177
17373,2011-01-31 11:46:00,2011-07-28 17:15:00,178
14272,2011-03-30 13:57:00,2011-09-27 10:08:00,180
14597,2011-06-01 12:33:00,2011-11-28 13:13:00,180
14778,2011-02-04 11:43:00,2011-08-04 15:23:00,181
12510,2011-01-18 14:04:00,2011-07-20 10:15:00,182
12604,2011-03-23 12:06:00,2011-09-21 14:08:00,182
13253,2011-01-04 15:43:00,2011-07-06 10:09:00,182
13258,2011-05-18 13:11:00,2011-11-16 13:27:00,182
13892,2011-04-07 12:04:00,2011-10-06 16:25:00,182
15071,2011-03-09 10:19:00,2011-09-07 11:43:00,182
15244,2011-04-05 15:12:00,2011-10-05 13:19:00,182
16426,2011-03-08 15:45:00,2011-09-08 11:56:00,183
12545,2011-03-25 12:04:00,2011-09-25 13:39:00,184
12808,2010-12-06 10:27:00,2011-06-08 12:21:00,184
13365,2011-05-06 12:00:00,2011-11-06 12:36:00,184
16883,2010-12-03 10:33:00,2011-06-05 12:51:00,184
17026,2010-12-05 12:47:00,2011-06-07 14:28:00,184
13931,2011-03-04 08:43:00,2011-09-05 10:12:00,185
14551,2011-05-19 18:21:00,2011-11-21 13:36:00,185
17411,2011-03-23 13:44:00,2011-09-25 10:48:00,185
17658,2011-05-12 15:23:00,2011-11-14 12:07:00,185
13035,2011-03-24 09:21:00,2011-09-27 08:57:00,186
14133,2011-01-28 11:27:00,2011-08-02 11:33:00,186
14915,2011-03-07 09:39:00,2011-09-09 13:34:00,186
15436,2011-04-19 16:52:00,2011-10-23 16:19:00,186
16805,2010-12-14 13:35:00,2011-06-19 11:23:00,186
17593,2010-12-22 10:29:00,2011-06-26 13:45:00,186
17864,2011-03-09 11:44:00,2011-09-11 13:39:00,186
14643,2010-12-16 17:53:00,2011-06-22 14:41:00,187
14853,2011-05-12 15:17:00,2011-11-15 16:56:00,187
12435,2011-03-17 07:40:00,2011-09-21 09:06:00,188
13169,2011-04-01 14:24:00,2011-10-07 12:11:00,188
14037,2010-12-10 11:39:00,2011-06-16 13:57:00,188
16253,2011-03-29 13:33:00,2011-10-04 09:09:00,188
13611,2010-12-15 10:31:00,2011-06-22 12:25:00,189
15384,2010-12-15 11:34:00,2011-06-23 10:57:00,189
12596,2011-04-11 13:22:00,2011-10-19 13:02:00,190
13657,2011-05-22 12:35:00,2011-11-29 12:32:00,190
14277,2011-05-11 13:20:00,2011-11-18 09:53:00,190
15208,2010-12-21 13:03:00,2011-06-29 13:51:00,190
16094,2011-05-04 13:57:00,2011-11-10 16:51:00,190
18189,2011-03-17 09:49:00,2011-09-23 12:40:00,190
14538,2011-03-28 14:57:00,2011-10-06 10:31:00,191
15110,2011-01-25 11:41:00,2011-08-05 09:25:00,191
15532,2010-12-16 16:45:00,2011-06-26 13:24:00,191
16898,2010-12-06 12:23:00,2011-06-15 13:35:00,191
16960,2011-04-01 11:54:00,2011-10-10 11:47:00,191
15452,2011-03-20 15:21:00,2011-09-29 14:08:00,192
15636,2011-03-02 14:50:00,2011-09-11 11:17:00,192
16080,2011-03-10 14:44:00,2011-09-19 10:42:00,192
17802,2010-12-02 13:44:00,2011-06-12 14:57:00,192
18087,2011-02-22 10:43:00,2011-09-02 15:12:00,192
13764,2011-01-06 14:53:00,2011-07-18 17:15:00,193
16003,2010-12-15 12:09:00,2011-06-27 08:50:00,193
16383,2011-03-16 13:00:00,2011-09-26 12:45:00,193
16717,2010-12-08 16:48:00,2011-06-20 10:34:00,193
17664,2011-05-11 14:17:00,2011-11-21 11:29:00,193
17969,2010-12-13 15:34:00,2011-06-26 13:00:00,194
14128,2011-03-29 10:49:00,2011-10-10 12:00:00,195
14240,2011-04-28 11:40:00,2011-11-09 13:45:00,195
18196,2011-02-22 16:13:00,2011-09-05 16:22:00,195
13238,2010-12-14 14:37:00,2011-06-29 12:12:00,196
15030,2011-03-16 15:34:00,2011-09-29 10:50:00,196
16374,2011-03-22 13:46:00,2011-10-04 15:21:00,196
13744,2011-02-20 14:08:00,2011-09-05 15:19:00,197
14286,2011-04-11 08:16:00,2011-10-25 08:26:00,197
14491,2010-12-02 12:10:00,2011-06-17 15:22:00,197
14591,2011-05-10 14:09:00,2011-11-24 13:53:00,197
15123,2011-05-17 14:57:00,2011-12-02 13:12:00,198
15831,2011-01-19 14:52:00,2011-08-07 13:54:00,199
16136,2011-03-07 09:52:00,2011-09-23 09:00:00,199
16778,2011-03-10 15:21:00,2011-09-26 13:48:00,199
17384,2011-05-04 16:07:00,2011-11-20 15:48:00,199
13417,2011-05-18 16:26:00,2011-12-05 08:49:00,200
13544,2011-04-13 12:09:00,2011-10-31 11:57:00,200
14934,2011-03-02 11:48:00,2011-09-19 10:10:00,200
15569,2011-01-11 13:26:00,2011-07-31 10:38:00,200
17928,2011-04-07 18:03:00,2011-10-25 13:52:00,200
14193,2011-03-15 11:38:00,2011-10-03 09:34:00,201
12616,2011-02-15 14:17:00,2011-09-05 15:17:00,202
13573,2011-03-31 14:47:00,2011-10-20 14:33:00,202
13760,2011-03-28 12:52:00,2011-10-16 16:13:00,202
16532,2011-01-05 12:37:00,2011-07-27 10:41:00,202
16642,2011-05-16 12:35:00,2011-12-05 11:31:00,202
17420,2010-12-01 09:56:00,2011-06-21 15:07:00,202
13918,2011-03-31 18:05:00,2011-10-21 12:25:00,203
13939,2011-02-01 11:30:00,2011-08-23 11:53:00,203
15157,2010-12-16 13:44:00,2011-07-08 13:26:00,203
15512,2010-12-15 12:01:00,2011-07-07 10:20:00,203
16693,2011-03-13 11:06:00,2011-10-02 11:10:00,203
17624,2011-05-05 17:59:00,2011-11-25 10:52:00,203
15067,2011-03-02 12:10:00,2011-09-22 13:18:00,204
16446,2011-05-18 09:52:00,2011-12-09 09:15:00,204
17256,2011-01-31 14:53:00,2011-08-24 13:30:00,204
15414,2011-04-11 13:45:00,2011-11-02 14:58:00,205
16573,2011-02-22 15:14:00,2011-09-16 09:13:00,205
16551,2011-01-07 10:24:00,2011-08-01 12:28:00,206
14147,2011-02-27 11:42:00,2011-09-22 18:10:00,207
17034,2011-02-25 10:10:00,2011-09-21 08:27:00,207
14473,2011-03-02 13:56:00,2011-09-26 15:10:00,208
14897,2011-02-16 08:37:00,2011-09-12 16:06:00,208
16385,2010-12-08 12:56:00,2011-07-04 13:53:00,208
13344,2011-03-07 10:28:00,2011-10-03 09:44:00,209
15587,2010-12-23 09:59:00,2011-07-20 11:00:00,209
17341,2010-12-08 12:46:00,2011-07-06 12:26:00,209
18246,2011-04-20 13:55:00,2011-11-16 11:49:00,209
15068,2011-03-28 14:27:00,2011-10-24 14:47:00,210
15443,2011-01-23 13:25:00,2011-08-22 12:52:00,210
16549,2011-01-09 14:03:00,2011-08-07 15:43:00,210
13404,2011-05-11 11:57:00,2011-12-08 15:37:00,211
15889,2010-12-05 15:12:00,2011-07-06 11:10:00,212
18188,2011-02-22 14:43:00,2011-09-23 12:58:00,212
12458,2011-02-28 10:55:00,2011-09-29 15:25:00,213
13029,2010-12-21 13:53:00,2011-07-24 11:37:00,214
14297,2011-03-10 08:31:00,2011-10-10 10:45:00,214
14607,2011-03-23 15:22:00,2011-10-24 09:52:00,214
14708,2010-12-06 12:23:00,2011-07-08 16:08:00,214
15885,2011-02-03 15:28:00,2011-09-07 14:56:00,215
16185,2011-04-21 11:59:00,2011-11-23 09:41:00,215
16271,2010-12-16 16:36:00,2011-07-20 11:22:00,215
18210,2011-03-17 16:58:00,2011-10-19 15:29:00,215
16399,2011-04-18 13:46:00,2011-11-20 16:12:00,216
16667,2011-02-28 12:57:00,2011-10-02 15:26:00,216
16303,2011-01-10 14:16:00,2011-08-16 11:04:00,217
12875,2010-12-12 12:03:00,2011-07-19 15:30:00,219
15365,2011-01-28 13:08:00,2011-09-04 15:37:00,219
17742,2011-01-11 10:04:00,2011-08-18 15:28:00,219
15321,2011-02-21 11:10:00,2011-09-30 09:39:00,220
17259,2010-12-06 12:55:00,2011-07-14 15:01:00,220
12781,2011-02-28 08:43:00,2011-10-07 10:37:00,221
13792,2011-02-25 14:03:00,2011-10-04 14:31:00,221
14414,2010-12-16 11:11:00,2011-07-26 13:45:00,222
15713,2010-12-08 15:16:00,2011-07-19 13:34:00,222
16518,2011-02-28 16:36:00,2011-10-09 15:04:00,222
17733,2011-03-23 09:54:00,2011-11-01 08:16:00,222
12915,2010-12-02 12:33:00,2011-07-14 11:34:00,223
13962,2011-04-08 11:21:00,2011-11-18 08:47:00,223
15651,2011-03-24 08:56:00,2011-11-03 08:39:00,223
17396,2010-12-03 09:45:00,2011-07-14 10:20:00,223
17462,2011-02-28 17:01:00,2011-10-10 13:56:00,223
18080,2011-04-11 10:10:00,2011-11-21 08:02:00,223
14737,2010-12-21 13:49:00,2011-08-03 10:04:00,224
14866,2010-12-08 14:58:00,2011-07-21 14:14:00,224
15380,2010-12-09 15:01:00,2011-07-21 16:33:00,224
16042,2011-01-11 13:25:00,2011-08-24 12:04:00,224
16441,2011-02-21 17:35:00,2011-10-03 17:48:00,224
16386,2011-03-31 12:19:00,2011-11-11 12:28:00,225
17436,2011-04-27 11:33:00,2011-12-08 12:30:00,225
17348,2011-02-15 10:49:00,2011-09-29 11:39:00,226
18040,2011-04-08 08:27:00,2011-11-20 14:20:00,226
14595,2011-01-30 13:36:00,2011-09-15 13:13:00,227
13705,2010-12-01 10:29:00,2011-07-18 09:15:00,228
18270,2011-03-18 12:41:00,2011-11-01 13:57:00,228
14912,2011-04-07 11:06:00,2011-11-23 09:20:00,229
15793,2011-03-16 10:45:00,2011-10-31 11:32:00,229
12763,2010-12-05 15:46:00,2011-07-24 14:12:00,230
14644,2011-02-14 14:14:00,2011-10-03 08:30:00,230
16891,2010-12-03 11:35:00,2011-07-21 12:14:00,230
17786,2011-01-26 14:35:00,2011-09-15 12:51:00,231
17870,2010-12-08 08:12:00,2011-07-27 17:01:00,231
14636,2011-03-16 09:52:00,2011-11-03 16:12:00,232
14851,2011-03-28 14:59:00,2011-11-16 14:20:00,232
13525,2011-04-05 15:36:00,2011-11-25 12:01:00,233
14540,2011-02-03 15:02:00,2011-09-25 12:34:00,233
14775,2010-12-02 16:38:00,2011-07-25 12:12:00,234
13046,2011-03-18 15:43:00,2011-11-09 08:36:00,235
17676,2010-12-08 13:49:00,2011-08-01 11:13:00,235
12849,2011-03-16 12:26:00,2011-11-08 13:41:00,237
16933,2011-04-14 13:33:00,2011-12-08 12:54:00,237
12842,2011-02-04 12:36:00,2011-09-30 15:33:00,238
15121,2011-02-24 12:41:00,2011-10-20 14:51:00,238
17311,2011-01-27 10:56:00,2011-09-22 14:11:00,238
14533,2010-12-22 11:07:00,2011-08-19 12:06:00,240
17376,2011-02-01 14:12:00,2011-09-30 12:36:00,240
14075,2011-03-23 16:35:00,2011-11-20 12:32:00,241
14995,2011-03-04 13:14:00,2011-11-01 11:39:00,241
15689,2010-12-13 09:57:00,2011-08-12 09:37:00,241
14023,2011-04-03 15:50:00,2011-12-02 13:58:00,242
16950,2010-12-07 15:20:00,2011-08-07 13:30:00,242
15990,2011-02-25 15:35:00,2011-10-26 15:58:00,243
13402,2010-12-02 17:12:00,2011-08-04 15:51:00,244
14555,2011-02-10 17:19:00,2011-10-13 16:24:00,244
16208,2011-02-23 13:37:00,2011-10-26 11:36:00,244
16835,2010-12-01 17:15:00,2011-08-03 13:50:00,244
13145,2010-12-02 18:06:00,2011-08-04 19:06:00,245
13292,2011-02-28 15:00:00,2011-11-01 10:04:00,245
15579,2011-01-30 12:09:00,2011-10-02 12:45:00,245
14205,2011-03-20 15:07:00,2011-11-23 10:55:00,247
16804,2011-03-14 15:48:00,2011-11-16 16:42:00,247
17080,2011-03-15 12:05:00,2011-11-17 12:59:00,247
15676,2011-03-01 10:19:00,2011-11-04 14:19:00,248
16350,2011-01-10 09:44:00,2011-09-15 18:49:00,248
13421,2011-02-22 15:46:00,2011-10-30 14:21:00,249
15847,2011-02-24 16:46:00,2011-11-01 14:41:00,249
13140,2010-12-08 15:12:00,2011-08-16 13:13:00,250
13171,2011-02-13 14:16:00,2011-10-21 16:18:00,250
14754,2011-02-17 12:21:00,2011-10-26 12:01:00,250
12820,2011-01-17 12:34:00,2011-09-26 11:49:00,251
13890,2010-12-16 09:31:00,2011-08-24 13:12:00,251
14379,2011-02-17 15:03:00,2011-10-26 16:43:00,251
15339,2011-01-25 13:15:00,2011-10-04 12:51:00,251
17041,2010-12-14 11:43:00,2011-08-23 09:53:00,251
13557,2011-03-04 12:14:00,2011-11-11 15:24:00,252
13838,2010-12-05 10:45:00,2011-08-14 10:49:00,252
13049,2011-01-25 16:33:00,2011-10-06 15:31:00,253
15950,2010-12-15 11:56:00,2011-08-25 14:13:00,253
17189,2010-12-15 17:28:00,2011-08-25 19:39:00,253
15626,2011-01-14 10:10:00,2011-09-26 10:03:00,254
13736,2011-03-24 13:04:00,2011-12-04 15:19:00,255
13904,2011-02-18 11:18:00,2011-11-02 13:41:00,257
16620,2011-03-24 10:37:00,2011-12-06 12:19:00,257
17250,2011-03-23 16:45:00,2011-12-06 12:15:00,257
13899,2011-03-10 09:30:00,2011-11-23 13:40:00,258
16414,2011-03-04 13:27:00,2011-11-18 09:42:00,258
17255,2011-02-13 15:18:00,2011-10-30 12:18:00,258
16083,2010-12-14 11:51:00,2011-08-31 10:47:00,259
17672,2011-02-03 13:29:00,2011-10-20 14:18:00,259
14805,2011-01-30 10:43:00,2011-10-17 14:28:00,260
13233,2011-01-07 14:49:00,2011-09-26 13:25:00,261
15393,2011-03-03 16:58:00,2011-11-23 16:48:00,264
16212,2011-03-01 12:51:00,2011-11-20 13:00:00,264
14157,2011-02-27 13:04:00,2011-11-20 11:32:00,265
13211,2010-12-13 16:17:00,2011-09-05 17:36:00,266
14467,2011-01-31 12:35:00,2011-10-24 13:59:00,266
17771,2011-01-20 14:13:00,2011-10-14 11:43:00,266
17339,2010-12-09 14:44:00,2011-09-06 13:29:00,270
15392,2010-12-14 15:50:00,2011-09-12 10:01:00,271
13473,2011-01-11 08:45:00,2011-10-10 11:20:00,272
17537,2011-02-09 13:37:00,2011-11-10 10:56:00,273
14470,2011-02-25 11:56:00,2011-11-28 10:31:00,275
14113,2010-12-20 12:14:00,2011-09-22 16:46:00,276
14608,2010-12-12 14:49:00,2011-09-15 11:46:00,276
14761,2011-01-09 12:03:00,2011-10-12 12:10:00,276
15951,2011-02-27 11:57:00,2011-12-01 08:34:00,276
14487,2010-12-06 13:22:00,2011-09-11 13:51:00,279
17711,2011-02-23 11:32:00,2011-11-29 11:40:00,279
12963,2010-12-09 09:14:00,2011-09-16 09:03:00,280
14290,2010-12-13 10:24:00,2011-09-19 14:38:00,280
17418,2011-01-20 11:39:00,2011-10-28 13:00:00,281
18259,2010-12-08 13:38:00,2011-09-15 14:37:00,281
15366,2010-12-16 15:59:00,2011-09-25 15:01:00,282
12462,2011-02-09 14:44:00,2011-11-21 09:11:00,284
17018,2011-01-18 08:46:00,2011-10-30 11:42:00,285
17082,2011-01-25 14:36:00,2011-11-06 15:17:00,285
13894,2011-02-02 12:54:00,2011-11-16 09:43:00,286
13787,2010-12-10 14:45:00,2011-09-25 12:06:00,288
14520,2011-02-22 09:15:00,2011-12-08 09:46:00,289
13396,2011-01-24 13:37:00,2011-11-10 16:59:00,290
15351,2010-12-05 11:49:00,2011-09-21 15:54:00,290
14236,2010-12-02 18:49:00,2011-09-20 09:13:00,291
17540,2011-01-27 14:35:00,2011-11-15 11:56:00,291
16500,2011-01-13 10:28:00,2011-11-03 14:32:00,294
17674,2010-12-06 10:20:00,2011-09-26 13:35:00,294
15967,2011-01-25 11:57:00,2011-11-16 15:41:00,295
17913,2010-12-19 11:35:00,2011-10-12 10:45:00,296
14784,2011-01-20 09:25:00,2011-11-13 13:30:00,297
17329,2011-01-28 15:29:00,2011-11-25 14:24:00,300
15497,2011-01-24 10:01:00,2011-11-22 11:51:00,302
15211,2010-12-09 16:08:00,2011-10-10 13:31:00,304
13165,2010-12-23 14:06:00,2011-10-24 15:05:00,305
15111,2010-12-02 11:45:00,2011-10-04 08:56:00,305
16140,2010-12-03 14:40:00,2011-10-05 12:15:00,305
16885,2010-12-17 17:23:00,2011-10-19 14:22:00,305
14396,2010-12-03 15:19:00,2011-10-05 16:09:00,306
12578,2011-01-13 15:34:00,2011-11-18 13:30:00,308
13068,2011-01-24 08:20:00,2011-11-29 15:00:00,309
12427,2010-12-03 10:44:00,2011-10-10 15:15:00,311
13034,2010-12-05 14:52:00,2011-10-16 12:21:00,314
17555,2011-01-09 12:31:00,2011-11-20 12:22:00,314
13565,2011-01-09 14:28:00,2011-11-20 14:33:00,315
15545,2010-12-03 17:28:00,2011-10-16 13:24:00,316
17181,2010-12-01 12:38:00,2011-10-13 14:48:00,316
12944,2010-12-20 10:41:00,2011-11-04 11:04:00,319
15012,2010-12-01 12:49:00,2011-10-17 12:22:00,319
12673,2011-01-17 11:46:00,2011-12-04 13:55:00,321
13817,2010-12-23 11:46:00,2011-11-10 17:49:00,322
12577,2010-12-15 16:21:00,2011-11-04 13:15:00,323
14150,2010-12-15 10:04:00,2011-11-04 10:05:00,324
15028,2010-12-06 12:47:00,2011-10-28 11:33:00,325
15680,2010-12-08 14:43:00,2011-10-30 14:03:00,325
16367,2010-12-12 12:01:00,2011-11-02 13:13:00,325
14618,2011-01-06 11:59:00,2011-11-29 08:41:00,326
14673,2010-12-07 12:49:00,2011-11-02 12:15:00,329
17812,2010-12-06 15:27:00,2011-11-01 13:59:00,329
17999,2010-12-08 15:17:00,2011-11-02 15:56:00,329
16560,2010-12-16 14:36:00,2011-11-13 10:35:00,331
17430,2010-12-09 13:05:00,2011-11-07 09:24:00,332
13329,2010-12-08 10:11:00,2011-11-08 10:29:00,335
16863,2010-12-08 08:58:00,2011-11-08 15:26:00,335
14544,2010-12-13 12:50:00,2011-11-15 15:06:00,337
16134,2010-12-15 14:00:00,2011-11-18 10:05:00,337
15965,2010-12-07 13:18:00,2011-11-11 10:50:00,338
12838,2010-12-01 11:57:00,2011-11-06 12:20:00,340
16519,2010-12-09 14:08:00,2011-11-14 15:41:00,340
17964,2010-12-02 13:32:00,2011-11-08 10:44:00,340
13455,2010-12-08 13:11:00,2011-11-15 11:21:00,341
17371,2010-12-13 15:20:00,2011-11-22 13:25:00,343
17235,2010-12-02 13:38:00,2011-11-14 15:51:00,347
16916,2010-12-02 13:14:00,2011-11-16 12:08:00,348
13496,2010-12-15 10:17:00,2011-11-29 10:58:00,349
14987,2010-12-09 12:13:00,2011-11-24 09:59:00,349
15919,2010-12-06 11:26:00,2011-11-20 11:28:00,349
16411,2010-12-05 13:26:00,2011-11-20 13:23:00,349
13569,2010-12-07 12:29:00,2011-11-22 13:07:00,350
15101,2010-12-15 12:54:00,2011-12-01 10:18:00,350
16596,2010-12-08 16:18:00,2011-11-24 10:02:00,350
17760,2010-12-01 15:08:00,2011-11-18 10:56:00,351
13579,2010-12-05 16:10:00,2011-11-25 08:41:00,354
14448,2010-12-10 17:26:00,2011-11-30 13:50:00,354
15525,2010-12-01 13:17:00,2011-11-22 12:07:00,355
13030,2010-12-06 14:31:00,2011-11-28 14:30:00,356
15822,2010-12-15 13:38:00,2011-12-06 14:50:00,356
18156,2010-12-05 12:29:00,2011-11-27 12:24:00,356
13173,2010-12-07 14:30:00,2011-12-05 15:51:00,363
13255,2010-12-01 11:58:00,2011-11-30 13:14:00,364
14865,2010-12-02 18:23:00,2011-12-02 16:25:00,364
14594,2010-12-01 13:54:00,2011-12-02 13:28:00,365
